0,bound,Acarbose,DB00284,O43451,2QMJ,99,3TOP,97,5NN8,43
1,unbound,3-Methylfentanyl,DB01571,P41143,4EJ4,92,4N6H,90,4RWD,90
2,unbound,3-Methylfentanyl,DB01571,P41145,4DJH,91,6B73,90,5C1M,68
3,bound,Acarbose,DB00284,P10253,5NN8,97,2QMJ,44,3WEO,39
4,bound,Acarbose,DB00284,P14410,3TOP,60,2QMJ,58,5NN8,41
5,unbound,3-Methylfentanyl,DB01571,P35372,5C1M,94,4DKL,88,4N6H,67
6,unbound,3-Methylthiofentanyl,DB01439,P41143,4EJ4,92,4N6H,90,4RWD,90
7,bound,Afatinib,DB08916,P04626,4G5J,78,,0,,0
8,unbound,3-Methylthiofentanyl,DB01439,P41145,4DJH,91,6B73,90,5C1M,68
9,bound,Afatinib,DB08916,P00533,4G5J,96,,0,,0
10,bound,Afatinib,DB08916,Q15303,4G5J,79,,0,,0
11,unbound,3-Methylthiofentanyl,DB01439,P35372,5C1M,94,4DKL,88,4N6H,67
12,bound,Alitretinoin,DB00523,P28702,1G5Y,87,3OAP,87,1FM6,87
13,unbound,Acamprosate,DB00659,P41594,4OO9,99,5CGC,99,3LMK,97
14,unbound,Acamprosate,DB00659,O60391,2RCA,97,2RCB,97,2RC8,79
15,bound,Alitretinoin,DB00523,P13631,5M24,93,3LBD,93,5UAN,83
16,unbound,Acarbose,DB00284,O43451,3L4Y,99,2QMJ,99,2QLY,99
17,bound,Alitretinoin,DB00523,P10276,5UAN,88,1XDK,86,5M24,82
18,bound,Alitretinoin,DB00523,P48443,3OAP,88,1XLS,88,1G5Y,87
19,unbound,Acarbose,DB00284,P10253,5KZX,97,5NN4,97,5NN3,97
20,unbound,Acarbose,DB00284,P14410,3LPP,97,3LPO,97,3TOP,60
21,bound,Alprenolol,DB00866,P08588,3NYA,67,,0,,0
22,unbound,Acetaminophen,DB00316,P23219,1Q4G,90,3N8Y,90,1HT8,90
23,bound,Alprenolol,DB00866,P07550,3NYA,84,,0,,0
24,bound,Axitinib,DB06626,P35916,4AG8,67,4AGC,66,4WA9,42
25,unbound,Acetaminophen,DB00316,P35354,5F19,97,5IKR,97,5F1A,97
26,unbound,Acetylsalicylic acid,DB00945,P23219,1Q4G,90,3N8Y,90,1HT8,90
27,bound,Axitinib,DB06626,P17948,4AG8,78,4AGC,78,4TWP,42
28,bound,Axitinib,DB06626,P35968,4AGC,87,4AG8,86,4WA9,40
29,unbound,Acetylsalicylic acid,DB00945,P35354,5F19,97,5IKR,97,5F1A,97
30,bound,Bexarotene,DB00307,P28702,3H0A,87,,0,,0
31,unbound,Acitretin,DB00459,P28702,5HJP,95,5I4V,95,1H9U,95
32,unbound,Acitretin,DB00459,P13631,1DSZ,95,1HRA,94,1FCY,93
33,bound,Bexarotene,DB00307,P48443,3H0A,88,,0,,0
34,bound,Cefoxitin,DB01331,P0AEB2,3MZE,99,,0,,0
35,unbound,Aclidinium,DB08897,P20309,4U15,98,4U16,98,5DSG,68
36,bound,Cefoxitin,DB01331,P08506,3MZE,62,,0,,0
37,unbound,Aclidinium,DB08897,P11229,5CXV,99,4U15,74,4DAJ,74
38,bound,Cilomilast,DB03849,Q07343,1XLX,97,1XOM,85,,0
39,unbound,Aclidinium,DB08897,P08912,4U15,84,4DAJ,84,4U14,84
40,bound,Cilomilast,DB03849,Q08499,1XOM,99,1XLX,84,,0
41,unbound,Aclidinium,DB08897,P08173,4MQS,70,4MQT,70,4U15,68
42,unbound,Aclidinium,DB08897,P08172,4MQS,99,4MQT,99,3UON,63
43,bound,Colchicine,DB01394,Q9H4B7,5EYP,78,5NM5,78,5ITZ,78
44,bound,Colchicine,DB01394,P07437,5EYP,93,5NM5,93,5ITZ,93
45,unbound,Adapalene,DB00210,P28702,5HJP,95,5I4V,95,1H9U,95
46,unbound,Adapalene,DB00210,P13631,1DSZ,95,1HRA,94,1FCY,93
47,bound,Creatine,DB00148,P12277,3B6R,96,,0,,0
48,bound,Creatine,DB00148,P12532,3B6R,65,,0,,0
49,unbound,Adenosine,DB00640,P30542,5UEN,82,5N2S,81,5OLG,46
50,bound,Creatine,DB00148,P17540,3B6R,67,,0,,0
51,unbound,Adenosine,DB00640,P29275,5VRA,63,4EIY,63,5K2C,63
52,bound,Creatine,DB00148,P06732,3B6R,78,,0,,0
53,unbound,Adinazolam,DB00546,P47869,5O8F,88,5OJM,88,5OSA,82
54,bound,Dabrafenib,DB08912,P04049,5HIE,77,5CSW,76,4XV2,75
55,unbound,Adinazolam,DB00546,P14867,5OSA,97,5OSC,97,5OSB,97
56,unbound,Adinazolam,DB00546,P18505,4COF,85,5O8F,73,5OJM,72
57,bound,Dabrafenib,DB08912,P15056,5HIE,98,5CSW,95,4XV2,94
58,bound,Dasatinib,DB01254,P00519,2GQG,96,4XEY,96,4XLI,88
59,unbound,Adinazolam,DB00546,P28472,4COF,94,5O8F,81,5OJM,80
60,bound,Dasatinib,DB01254,P12931,3G5D,99,3QLG,99,2ZVA,66
61,unbound,Adinazolam,DB00546,P47870,4COF,87,5O8F,75,5OJM,75
62,unbound,Agmatine,DB08838,P18825,1HLL,94,1HO9,91,3PBL,42
63,bound,Dasatinib,DB01254,P07947,3G5D,90,3QLG,90,2ZVA,67
64,bound,Dasatinib,DB01254,P06239,2ZVA,74,3G5D,67,3QLG,67
65,unbound,Agmatine,DB08838,P02708,5HBT,88,2QC1,84,5HBV,84
66,bound,Diclofenac,DB00586,P23219,3N8Y,90,1PXX,61,,0
67,unbound,Alitretinoin,DB00523,P28702,5HJP,95,5I4V,95,1H9U,95
68,unbound,Alitretinoin,DB00523,P13631,1DSZ,95,1HRA,94,1FCY,93
69,bound,Diclofenac,DB00586,P35354,1PXX,84,3N8Y,61,,0
70,bound,Dihomo-gamma-linolenic acid,DB00154,P23219,1FE2,89,,0,,0
71,unbound,Alprenolol,DB00866,P08588,2RH1,68,5D5A,68,5X7D,68
72,bound,Dihomo-gamma-linolenic acid,DB00154,P35354,1FE2,61,,0,,0
73,unbound,Alprenolol,DB00866,P08908,1HLL,75,4AMJ,42,2Y00,42
74,unbound,Alprenolol,DB00866,P07550,2R4R,97,3SN6,96,3KJ6,96
75,bound,Glyburide,DB01016,Q14654,6BAA,94,,0,,0
76,unbound,Amdinocillin,DB01163,P0A3M6,2WAF,98,2WAD,90,2WAE,90
77,bound,Glyburide,DB01016,Q14654,6BAA,94,,0,,0
78,bound,Ibuprofen,DB01050,P23219,1EQG,89,4PH9,62,4RS0,61
79,unbound,Amdinocillin,DB01163,Q8DR59,2C5W,98,2C6W,97,2ZC6,97
80,unbound,Amdinocillin,DB01163,Q7CRA4,2Y2M,95,2Y2I,95,2Y2O,95
81,bound,Ibuprofen,DB01050,P35354,4PH9,85,4RS0,84,1EQG,61
82,bound,Icosapent,DB00159,P23219,1IGX,89,3HS6,62,,0
83,unbound,Amdinocillin,DB01163,Q75Y35,1XP4,99,1TVF,32,3HUM,32
84,bound,Icosapent,DB00159,P37231,3GWX,60,,0,,0
85,unbound,Aminophylline,DB01223,P30542,5UEN,82,5N2S,81,5OLG,46
86,unbound,Aminophylline,DB01223,Q14432,1SO2,66,1SOJ,66,3DYN,36
87,bound,Icosapent,DB00159,P35354,3HS6,84,1IGX,61,,0
88,unbound,Aminophylline,DB01223,Q92769,4LY1,96,5IWG,96,5IX0,96
89,bound,Ifenprodil,DB08954,Q05586,4PE5,98,3QEL,83,5EWJ,83
90,bound,Ifenprodil,DB08954,Q13224,3QEL,96,5EWJ,96,4PE5,96
91,unbound,Amlodipine,DB00381,P54289,5GJV,97,5GJW,97,3JBR,96
92,bound,Imatinib,DB00619,P10721,1T46,90,4R7I,59,1XBB,45
93,unbound,Amlodipine,DB00381,Q13698,3G43,88,3OXQ,88,3JBR,88
94,unbound,Amlodipine,DB00381,Q01668,2BE6,97,3OXQ,94,3G43,91
95,bound,Imatinib,DB00619,A9UF02,3PYY,96,2HYY,96,3K5V,95
96,bound,Lapatinib,DB01259,P04626,1XKK,78,3BBT,74,,0
97,unbound,Amobarbital,DB01351,P47869,5O8F,88,5OJM,88,5OSA,82
98,unbound,Amobarbital,DB01351,P48169,1VRY,62,2M6B,59,5O8F,52
99,bound,Lapatinib,DB01259,P00533,1XKK,96,3BBT,75,,0
100,unbound,Amobarbital,DB01351,Q16445,1VRY,62,2M6B,58,5O8F,50
101,bound,Lenvatinib,DB09078,P35916,3WZD,67,,0,,0
102,bound,Lenvatinib,DB09078,P17948,3WZD,78,,0,,0
103,unbound,Amobarbital,DB01351,P14867,5OSA,97,5OSC,97,5OSB,97
104,unbound,Amphetamine,DB00182,P27338,1S3E,98,1S3B,98,2XFP,98
105,bound,Lenvatinib,DB09078,P35968,3WZD,86,,0,,0
106,unbound,Amphetamine,DB00182,P27338,1S3E,98,1S3B,98,2XFP,98
107,bound,Lumiracoxib,DB01283,P23219,4OTY,62,4RRX,62,4RRW,61
108,unbound,Ampicillin,DB00415,P0A3M6,2WAF,98,2WAD,90,2WAE,90
109,bound,Lumiracoxib,DB01283,P35354,4OTY,84,4RRW,84,4RRX,84
110,unbound,Ampicillin,DB00415,Q8DR59,2C5W,98,2C6W,97,2ZC6,97
111,bound,Meclofenamic acid,DB00939,P23219,5IKQ,61,,0,,0
112,unbound,Ampicillin,DB00415,Q7CRA4,2Y2M,95,2Y2I,95,2Y2O,95
113,bound,Meclofenamic acid,DB00939,P35354,5IKQ,97,,0,,0
114,unbound,Ampicillin,DB00415,Q75Y35,1XP4,99,1TVF,32,3HUM,32
115,bound,Mifepristone,DB00834,P06401,2W8Y,96,4LTW,66,5UC1,55
116,unbound,Anisotropine Methylbromide,DB00517,P20309,4U15,98,4U16,98,5DSG,68
117,bound,Mifepristone,DB00834,P04150,5UC3,99,1NHZ,99,3H52,98
118,bound,Miglitol,DB00491,O43451,3L4W,99,5NN6,43,,0
119,unbound,Anisotropine Methylbromide,DB00517,P11229,5CXV,99,4U15,74,4DAJ,74
120,unbound,Anisotropine Methylbromide,DB00517,P08172,4MQS,99,4MQT,99,3UON,63
121,bound,Miglitol,DB00491,P10253,5NN6,97,3L4W,44,,0
122,bound,Mycophenolic acid,DB01024,P12268,1JR1,99,4AF0,59,4FO4,44
123,unbound,Apomorphine,DB00714,P21917,5WIU,91,3PBL,46,4AMJ,45
124,bound,Mycophenolic acid,DB01024,P20839,1JR1,84,4AF0,61,4FO4,44
125,unbound,Apomorphine,DB00714,P35462,3PBL,91,4AMJ,44,2Y00,44
126,bound,Naproxen,DB00788,P23219,3NT1,62,,0,,0
127,unbound,Apremilast,DB05676,Q07343,4KP6,97,1F0J,97,5K6J,97
128,unbound,Apremilast,DB05676,P27815,2QYK,93,3I8V,93,3TVX,93
129,bound,Naproxen,DB00788,P35354,3NT1,84,,0,,0
130,bound,Nintedanib,DB09079,P35916,3C7Q,67,,0,,0
131,unbound,Aprobarbital,DB01352,P47869,5O8F,88,5OJM,88,5OSA,82
132,unbound,Aprobarbital,DB01352,P48169,1VRY,62,2M6B,59,5O8F,52
133,bound,Nintedanib,DB09079,P17948,3C7Q,66,,0,,0
134,unbound,Aprobarbital,DB01352,Q16445,1VRY,62,2M6B,58,5O8F,50
135,bound,Nintedanib,DB09079,P35968,3C7Q,86,,0,,0
136,bound,Pentoxifylline,DB00806,Q07343,3TVX,84,,0,,0
137,unbound,Aprobarbital,DB01352,P14867,5OSA,97,5OSC,97,5OSB,97
138,bound,Pentoxifylline,DB00806,P27815,3TVX,93,,0,,0
139,unbound,Arsenic trioxide,DB01169,P28482,4QTA,96,4QTE,96,2Y9Q,96
140,bound,Raloxifene,DB00481,P03372,2QXS,93,1ERR,93,2JFA,92
141,unbound,Arsenic trioxide,DB01169,P24385,2W96,92,2W99,92,2W9F,92
142,bound,Raloxifene,DB00481,Q92731,1QKN,91,2QXS,59,1ERR,59
143,unbound,Arsenic trioxide,DB01169,P27361,4QTB,97,2ZOQ,97,4ZZN,88
144,bound,Salicylic acid,DB00936,P23219,3N8Y,90,1PTH,89,5F1A,61
145,unbound,Arsenic trioxide,DB01169,Q16881,3QFA,96,2ZZC,96,2CFY,96
146,unbound,Atropine,DB00572,P20309,4U15,98,4U16,98,5DSG,68
147,bound,Salicylic acid,DB00936,P35354,5F1A,97,3N8Y,61,1PTH,61
148,bound,Sapropterin,DB00360,P17752,1J8U,65,1MMK,65,1KW0,65
149,unbound,Atropine,DB00572,P11229,5CXV,99,4U15,74,4DAJ,74
150,bound,Sapropterin,DB00360,P29474,4D1P,94,4D1O,94,5VVB,94
151,unbound,Atropine,DB00572,P08912,4U15,84,4DAJ,84,4U14,84
152,bound,Sapropterin,DB00360,P07101,1J8U,63,1MMK,63,1KW0,63
153,unbound,Atropine,DB00572,P08173,4MQS,70,4MQT,70,4U15,68
154,bound,Sapropterin,DB00360,P00439,1J8U,96,1MMK,96,1KW0,96
155,unbound,Atropine,DB00572,P08172,4MQS,99,4MQT,99,3UON,63
156,unbound,Azidocillin,DB08795,P0A3M6,2WAF,98,2WAD,90,2WAE,90
157,bound,Sorafenib,DB00398,P35916,3WZE,67,4ASD,66,1UWH,32
158,unbound,Azidocillin,DB08795,Q8DR59,2C5W,98,2C6W,97,2ZC6,97
159,bound,Sorafenib,DB00398,P17948,3WZE,78,4ASD,78,5HI2,32
160,bound,Sorafenib,DB00398,P04049,1UWH,80,5HI2,76,,0
161,unbound,Azidocillin,DB08795,Q7CRA4,2Y2M,95,2Y2I,95,2Y2O,95
162,unbound,Azidocillin,DB08795,Q75Y35,1XP4,99,1TVF,32,3HUM,32
163,bound,Sorafenib,DB00398,P35968,4ASD,87,3WZE,86,3HEG,32
164,unbound,Balsalazide,DB01014,P23219,1Q4G,90,3N8Y,90,1HT8,90
165,bound,Sunitinib,DB01268,P35916,4AGD,66,3G0E,41,3G0F,41
166,unbound,Balsalazide,DB01014,P37231,3DZY,97,3DZU,97,5GTN,95
167,bound,Sunitinib,DB01268,P17948,4AGD,78,3G0E,59,3G0F,59
168,bound,Sunitinib,DB01268,P36888,3G0E,63,3G0F,62,4AGD,45
169,unbound,Balsalazide,DB01014,P09917,3V98,96,3V99,96,3O8Y,96
170,bound,Sunitinib,DB01268,P09619,3G0E,63,3G0F,62,4AGD,56
171,unbound,Balsalazide,DB01014,P35354,5F19,97,5IKR,97,5F1A,97
172,bound,Sunitinib,DB01268,P35968,4AGD,87,3G0E,62,3G0F,61
173,unbound,Barbital,DB01483,P47869,5O8F,88,5OJM,88,5OSA,82
174,unbound,Barbital,DB01483,P48169,1VRY,62,2M6B,59,5O8F,52
175,bound,Sunitinib,DB01268,P10721,3G0E,90,3G0F,89,4AGD,42
176,unbound,Barbital,DB01483,Q16445,1VRY,62,2M6B,58,5O8F,50
177,bound,Sunitinib,DB01268,P16234,3G0E,67,3G0F,66,4AGD,59
178,bound,Suvorexant,DB09034,O43613,4ZJ8,85,4S0V,69,,0
179,unbound,Barbital,DB01483,P14867,5OSA,97,5OSC,97,5OSB,97
180,bound,Suvorexant,DB09034,O43614,4S0V,90,4ZJ8,67,,0
181,unbound,Barbituric acid derivative,DB01496,P47869,5O8F,88,5OJM,88,5OSA,82
182,unbound,Barbituric acid derivative,DB01496,P48169,1VRY,62,2M6B,59,5O8F,52
183,bound,Theophylline,DB00277,P29275,5MZJ,62,,0,,0
184,unbound,Barbituric acid derivative,DB01496,Q16445,1VRY,62,2M6B,58,5O8F,50
185,bound,Theophylline,DB00277,P29274,5MZJ,78,,0,,0
186,bound,Timolol,DB00373,P08588,3D4S,67,,0,,0
187,unbound,Barbituric acid derivative,DB01496,P14867,5OSA,97,5OSC,97,5OSB,97
188,bound,Timolol,DB00373,P07550,3D4S,84,,0,,0
189,unbound,Benzquinamide,DB00767,P20309,4U15,98,4U16,98,5DSG,68
190,bound,Tofacitinib,DB08895,P52333,3LXK,97,3FUP,61,3EYG,52
191,unbound,Benzquinamide,DB00767,P11229,5CXV,99,4U15,74,4DAJ,74
192,bound,Tofacitinib,DB08895,P23458,3EYG,96,3LXN,59,3FUP,56
193,unbound,Benzquinamide,DB00767,P08912,4U15,84,4DAJ,84,4U14,84
194,bound,Tretinoin,DB00755,P28702,3FC6,87,3FAL,87,3A9E,87
195,unbound,Benzquinamide,DB00767,P08173,4MQS,70,4MQT,70,4U15,68
196,bound,Tretinoin,DB00755,P13631,2LBD,93,5UAN,83,4DM8,81
197,unbound,Benzquinamide,DB00767,P35367,3RZE,67,5WIU,41,5UEN,37
198,bound,Tretinoin,DB00755,P48443,3FC6,87,3FAL,87,2ACL,87
199,unbound,Benzquinamide,DB00767,P08172,4MQS,99,4MQT,99,3UON,63
200,unbound,Besifloxacin,DB06771,P43700,2Y3P,71,3NUH,70,4TMA,70
201,bound,Vinblastine,DB00570,P07437,5J2T,93,5BMV,93,1Z2B,93
202,unbound,Besifloxacin,DB06771,P43702,5EIX,75,1ZVU,71,6BQ9,69
203,bound,Vinblastine,DB00570,Q71U36,5J2T,97,5BMV,97,4EB6,97
204,bound,Vorinostat,DB02546,Q13547,4LXZ,90,4QA0,43,4QA2,43
205,unbound,Besifloxacin,DB06771,P72524,4Z2C,97,4Z2D,97,4Z2E,97
206,bound,Vorinostat,DB02546,Q92769,4LXZ,96,4QA0,43,4QA2,43
207,unbound,Bosentan,DB00559,P24530,5X93,95,5GLI,95,5GLH,95
208,bound,Vorinostat,DB02546,O15379,4LXZ,63,4QA0,43,4QA2,43
209,unbound,Bosentan,DB00559,P25101,5GLH,60,5X93,53,5GLI,53
210,unbound,Botulinum Toxin Type B,DB00042,P23763,1N7S,95,1KIL,95,5CCG,95
211,bound,Zanamivir,DB00558,P06818,3TIC,91,4I00,53,2CML,51
212,bound,Zanamivir,DB00558,P27907,1A4G,97,4CPZ,86,4CPN,86
213,unbound,Botulinum Toxin Type B,DB00042,Q8N9I0,1BYN,86,4WEE,86,3F04,86
214,unbound,Brexpiprazole,DB09128,P08908,1HLL,75,4AMJ,42,2Y00,42
215,unbound,Brexpiprazole,DB09128,P18825,1HLL,94,1HO9,91,3PBL,42
216,unbound,Brimonidine,DB00484,P18825,1HLL,94,1HO9,91,3PBL,42
217,unbound,Brimonidine,DB00484,P18089,1HLL,81,1HO9,78,5WIU,42
218,unbound,Bromazepam,DB01558,P47869,5O8F,88,5OJM,88,5OSA,82
219,unbound,Bromazepam,DB01558,P48169,1VRY,62,2M6B,59,5O8F,52
220,unbound,Bromazepam,DB01558,Q16445,1VRY,62,2M6B,58,5O8F,50
221,unbound,Bromazepam,DB01558,P14867,5OSA,97,5OSC,97,5OSB,97
222,unbound,Bromazepam,DB01558,P18505,4COF,85,5O8F,73,5OJM,72
223,unbound,Bromazepam,DB01558,P28472,4COF,94,5O8F,81,5OJM,80
224,unbound,Bromazepam,DB01558,P47870,4COF,87,5O8F,75,5OJM,75
225,unbound,Buclizine,DB00354,P11229,5CXV,99,4U15,74,4DAJ,74
226,unbound,Buclizine,DB00354,P35367,3RZE,67,5WIU,41,5UEN,37
227,unbound,Buprenorphine,DB00921,P41145,4DJH,91,6B73,90,5C1M,68
228,unbound,Buprenorphine,DB00921,P35372,5C1M,94,4DKL,88,4N6H,67
229,unbound,Butalbital,DB00241,P47869,5O8F,88,5OJM,88,5OSA,82
230,unbound,Butalbital,DB00241,P48169,1VRY,62,2M6B,59,5O8F,52
231,unbound,Butalbital,DB00241,Q16445,1VRY,62,2M6B,58,5O8F,50
232,unbound,Butalbital,DB00241,P14867,5OSA,97,5OSC,97,5OSB,97
233,unbound,Butalbital,DB00241,P14867,5OSA,97,5OSC,97,5OSB,97
234,unbound,Butalbital,DB00241,P47869,5O8F,88,5OJM,88,5OSA,82
235,unbound,Butalbital,DB00241,P48169,1VRY,62,2M6B,59,5O8F,52
236,unbound,Butalbital,DB00241,Q16445,1VRY,62,2M6B,58,5O8F,50
237,unbound,Butethal,DB01353,P47869,5O8F,88,5OJM,88,5OSA,82
238,unbound,Butethal,DB01353,P48169,1VRY,62,2M6B,59,5O8F,52
239,unbound,Butethal,DB01353,Q16445,1VRY,62,2M6B,58,5O8F,50
240,unbound,Butethal,DB01353,P14867,5OSA,97,5OSC,97,5OSB,97
241,unbound,Butorphanol,DB00611,P41143,4EJ4,92,4N6H,90,4RWD,90
242,unbound,Butorphanol,DB00611,P41145,4DJH,91,6B73,90,5C1M,68
243,unbound,Butorphanol,DB00611,P35372,5C1M,94,4DKL,88,4N6H,67
244,unbound,Butriptyline,DB09016,P35367,3RZE,67,5WIU,41,5UEN,37
245,unbound,Butriptyline,DB09016,P31645,5I6X,99,5I71,99,5I73,99
246,unbound,Cabazitaxel,DB06772,Q9H4B7,5H7O,78,4I4T,78,5EYP,78
247,unbound,Cabazitaxel,DB06772,P68366,5H7O,95,4I4T,95,5EYP,95
248,unbound,Captodiame,DB09014,Q99720,5HK1,90,5HK2,90,,0
249,unbound,Captodiame,DB09014,P35462,3PBL,91,4AMJ,44,2Y00,44
250,unbound,Carbachol,DB00411,P11229,5CXV,99,4U15,74,4DAJ,74
251,unbound,Carbachol,DB00411,P08172,4MQS,99,4MQT,99,3UON,63
252,unbound,Carfentanil,DB01535,P41143,4EJ4,92,4N6H,90,4RWD,90
253,unbound,Carfentanil,DB01535,P35372,5C1M,94,4DKL,88,4N6H,67
254,unbound,Carfilzomib,DB08889,P49721,5LE5,91,5LEY,91,5LF4,91
255,unbound,Carfilzomib,DB08889,P28065,6AVO,91,3UNF,82,3UNH,82
256,unbound,Cariprazine,DB06016,P08908,1HLL,75,4AMJ,42,2Y00,42
257,unbound,Cariprazine,DB06016,P41595,4IB4,77,4NC3,77,5TVN,77
258,unbound,Cariprazine,DB06016,P35367,3RZE,67,5WIU,41,5UEN,37
259,unbound,Cariprazine,DB06016,P35462,3PBL,91,4AMJ,44,2Y00,44
260,unbound,Carteolol,DB00521,P08588,2RH1,68,5D5A,68,5X7D,68
261,unbound,Carteolol,DB00521,P07550,2R4R,97,3SN6,96,3KJ6,96
262,unbound,Cefadroxil,DB01140,P0A3M6,2WAF,98,2WAD,90,2WAE,90
263,unbound,Cefadroxil,DB01140,Q8DR59,2C5W,98,2C6W,97,2ZC6,97
264,unbound,Cefadroxil,DB01140,Q7CRA4,2Y2M,95,2Y2I,95,2Y2O,95
265,unbound,Cefadroxil,DB01140,Q75Y35,1XP4,99,1TVF,32,3HUM,32
266,unbound,Cefalotin,DB00456,P15555,1YQS,96,1PWG,96,1PWC,96
267,unbound,Cefalotin,DB00456,P0A3M6,2WAF,98,2WAD,90,2WAE,90
268,unbound,Cefalotin,DB00456,Q8DR59,2C5W,98,2C6W,97,2ZC6,97
269,unbound,Cefalotin,DB00456,Q7CRA4,2Y2M,95,2Y2I,95,2Y2O,95
270,unbound,Cefalotin,DB00456,Q75Y35,1XP4,99,1TVF,32,3HUM,32
271,unbound,Cefmetazole,DB00274,P02919,3VMA,97,5HLD,97,5HLA,97
272,unbound,Cefmetazole,DB00274,P08506,3ITA,97,3IT9,97,5J8X,63
273,unbound,Cefoperazone,DB01329,P02919,3VMA,97,5HLD,97,5HLA,97
274,unbound,Cefoperazone,DB01329,P08506,3ITA,97,3IT9,97,5J8X,63
275,unbound,Cefoperazone,DB01329,Q07806,4OON,97,2OQO,50,3D3H,50
276,unbound,Cefotaxime,DB00493,P0A3M6,2WAF,98,2WAD,90,2WAE,90
277,unbound,Cefotaxime,DB00493,Q8DR59,2C5W,98,2C6W,97,2ZC6,97
278,unbound,Cefotaxime,DB00493,Q7CRA4,2Y2M,95,2Y2I,95,2Y2O,95
279,unbound,Cefoxitin,DB01331,P02919,3VMA,97,5HLD,97,5HLA,97
280,unbound,Cefoxitin,DB01331,P0A3M6,2WAF,98,2WAD,90,2WAE,90
281,unbound,Cefoxitin,DB01331,P08506,3ITA,97,3IT9,97,5J8X,63
282,unbound,Cefoxitin,DB01331,Q8DR59,2C5W,98,2C6W,97,2ZC6,97
283,unbound,Cefoxitin,DB01331,Q7CRA4,2Y2M,95,2Y2I,95,2Y2O,95
284,unbound,Cefoxitin,DB01331,P0AFI5,6AZI,92,3MFD,31,,0
285,unbound,Cefoxitin,DB01331,Q75Y35,1XP4,99,1TVF,32,3HUM,32
286,unbound,Cefpiramide,DB00430,P02919,3VMA,97,5HLD,97,5HLA,97
287,unbound,Cefpiramide,DB00430,P08506,3ITA,97,3IT9,97,5J8X,63
288,unbound,Cefpiramide,DB00430,Q07806,4OON,97,2OQO,50,3D3H,50
289,unbound,Cefprozil,DB01150,P0A3M5,2WAF,98,2WAD,90,2WAE,90
290,unbound,Cefprozil,DB01150,Q04707,2C5W,98,2C6W,98,2ZC6,97
291,unbound,Ceftazidime,DB00438,P02919,3VMA,97,5HLD,97,5HLA,97
292,unbound,Ceftazidime,DB00438,Q8DR59,2C5W,98,2C6W,97,2ZC6,97
293,unbound,Ceftazidime,DB00438,Q75Y35,1XP4,99,1TVF,32,3HUM,32
294,unbound,Ceftizoxime,DB01332,P02919,3VMA,97,5HLD,97,5HLA,97
295,unbound,Ceftizoxime,DB01332,Q53707,1VQQ,95,1MWS,95,1MWR,95
296,unbound,Celiprolol,DB04846,P08588,2RH1,68,5D5A,68,5X7D,68
297,unbound,Celiprolol,DB04846,P07550,2R4R,97,3SN6,96,3KJ6,96
298,unbound,Cephalexin,DB00567,P0A3M6,2WAF,98,2WAD,90,2WAE,90
299,unbound,Cephalexin,DB00567,Q8DR59,2C5W,98,2C6W,97,2ZC6,97
300,unbound,Cephalexin,DB00567,Q7CRA4,2Y2M,95,2Y2I,95,2Y2O,95
301,unbound,Cephalexin,DB00567,Q75Y35,1XP4,99,1TVF,32,3HUM,32
302,unbound,Cephalosporin C,DB03313,P0A3M6,2WAF,98,2WAD,90,2WAE,90
303,unbound,Cephalosporin C,DB03313,Q8DR59,2C5W,98,2C6W,97,2ZC6,97
304,unbound,Cephalosporin C,DB03313,Q7CRA4,2Y2M,95,2Y2I,95,2Y2O,95
305,unbound,Cephalosporin C,DB03313,Q75Y35,1XP4,99,1TVF,32,3HUM,32
306,unbound,Cerulenin,DB01034,P0AAI5,3HO9,93,3G11,93,2GFV,93
307,unbound,Cerulenin,DB01034,P0A953,1H4F,97,2VBA,97,2VB9,97
308,unbound,Cevimeline,DB00185,P20309,4U15,98,4U16,98,5DSG,68
309,unbound,Cevimeline,DB00185,P11229,5CXV,99,4U15,74,4DAJ,74
310,unbound,Chlorpromazine,DB00477,P08908,1HLL,75,4AMJ,42,2Y00,42
311,unbound,Chlorpromazine,DB00477,P35367,3RZE,67,5WIU,41,5UEN,37
312,unbound,Chlorprothixene,DB01239,P41595,4IB4,77,4NC3,77,5TVN,77
313,unbound,Chlorprothixene,DB01239,P35462,3PBL,91,4AMJ,44,2Y00,44
314,unbound,Cinnarizine,DB00568,P35367,3RZE,67,5WIU,41,5UEN,37
315,unbound,Cinnarizine,DB00568,Q13698,3G43,88,3OXQ,88,3JBR,88
316,unbound,Cinnarizine,DB00568,O60840,4DEY,85,3OXQ,68,3G43,66
317,unbound,Cinnarizine,DB00568,Q01668,2BE6,97,3OXQ,94,3G43,91
318,unbound,Cinolazepam,DB01594,P47869,5O8F,88,5OJM,88,5OSA,82
319,unbound,Cinolazepam,DB01594,P14867,5OSA,97,5OSC,97,5OSB,97
320,unbound,Cinolazepam,DB01594,P18505,4COF,85,5O8F,73,5OJM,72
321,unbound,Cinolazepam,DB01594,P28472,4COF,94,5O8F,81,5OJM,80
322,unbound,Cinolazepam,DB01594,P47870,4COF,87,5O8F,75,5OJM,75
323,unbound,Ciprofloxacin,DB00537,P43700,2Y3P,71,3NUH,70,4TMA,70
324,unbound,Ciprofloxacin,DB00537,P43702,5EIX,75,1ZVU,71,6BQ9,69
325,unbound,Cladribine,DB00242,P31350,3OLJ,96,2UW2,96,3VPN,95
326,unbound,Cladribine,DB00242,Q7LG56,4DJN,95,3HF1,95,2VUX,94
327,unbound,Cladribine,DB00242,P56282,5VBN,97,2V6Z,79,,0
328,unbound,Clodronate,DB00720,P12235,1OKC,92,2C3E,92,4C9G,50
329,unbound,Clodronate,DB00720,P12236,1OKC,85,2C3E,85,4C9G,50
330,unbound,Clodronate,DB00720,P05141,1OKC,85,2C3E,85,4C9G,51
331,unbound,Clomipramine,DB01242,P41595,4IB4,77,4NC3,77,5TVN,77
332,unbound,Clomipramine,DB01242,P31645,5I6X,99,5I71,99,5I73,99
333,unbound,Clonidine,DB00575,P18825,1HLL,94,1HO9,91,3PBL,42
334,unbound,Clonidine,DB00575,P18089,1HLL,81,1HO9,78,5WIU,42
335,unbound,Clotiazepam,DB01559,P47869,5O8F,88,5OJM,88,5OSA,82
336,unbound,Clotiazepam,DB01559,P14867,5OSA,97,5OSC,97,5OSB,97
337,unbound,Clotiazepam,DB01559,P18505,4COF,85,5O8F,73,5OJM,72
338,unbound,Clotiazepam,DB01559,P28472,4COF,94,5O8F,81,5OJM,80
339,unbound,Clotiazepam,DB01559,P47870,4COF,87,5O8F,75,5OJM,75
340,unbound,Cloxacillin,DB01147,P0A3M5,2WAF,98,2WAD,90,2WAE,90
341,unbound,Cloxacillin,DB01147,Q51504,3PBT,98,3PBQ,98,3PBO,98
342,unbound,Codeine,DB00318,P41143,4EJ4,92,4N6H,90,4RWD,90
343,unbound,Codeine,DB00318,P41145,4DJH,91,6B73,90,5C1M,68
344,unbound,Codeine,DB00318,P35372,5C1M,94,4DKL,88,4N6H,67
345,unbound,Colchicine,DB01394,Q9H4B7,5H7O,78,4I4T,78,5EYP,78
346,unbound,Colchicine,DB01394,P07437,5N5N,96,5H7O,93,4I4T,93
347,unbound,Creatine,DB00148,P12277,3B6R,96,3DRE,96,4Q2R,93
348,unbound,Creatine,DB00148,P12532,1QK1,94,4Z9M,80,1CRK,79
349,unbound,Creatine,DB00148,Q14353,3ORH,95,1KHH,90,1P1B,90
350,unbound,Creatine,DB00148,P06732,1I0E,97,1U6R,93,2CRK,92
351,unbound,Cryptenamine,DB00785,P20309,4U15,98,4U16,98,5DSG,68
352,unbound,Cryptenamine,DB00785,P11229,5CXV,99,4U15,74,4DAJ,74
353,unbound,Cryptenamine,DB00785,P08912,4U15,84,4DAJ,84,4U14,84
354,unbound,Cryptenamine,DB00785,P08173,4MQS,70,4MQT,70,4U15,68
355,unbound,Cryptenamine,DB00785,P08172,4MQS,99,4MQT,99,3UON,63
356,unbound,Cyanocobalamin,DB00115,Q99707,2O2K,99,4CCZ,98,3K13,64
357,unbound,Cyanocobalamin,DB00115,P22033,2XIJ,96,3BIC,96,2YXB,39
358,unbound,Cyclacillin,DB01000,Q8DR59,2C5W,98,2C6W,97,2ZC6,97
359,unbound,Cyclacillin,DB01000,Q75Y35,1XP4,99,1TVF,32,3HUM,32
360,unbound,Cycloserine,DB00260,P0A6J8,3I12,90,3E5N,63,3R5F,63
361,unbound,Cycloserine,DB00260,Q9L888,1XFC,79,5FAG,45,5FAJ,45
362,unbound,Dalfampridine,DB06637,P22459,1QDW,87,1DSX,86,4BGC,83
363,unbound,Dalfampridine,DB06637,P22460,1QDV,86,1QDW,86,1DSX,85
364,unbound,Dalfampridine,DB06637,P17658,1QDW,87,1DSX,86,1QDV,85
365,unbound,Dalfampridine,DB06637,Q96RP8,1A68,71,1QDW,68,1DSX,67
366,unbound,Dalfampridine,DB06637,Q16322,1QDV,78,1QDW,78,4BGC,77
367,unbound,Dalfampridine,DB06637,P48547,3KVT,62,1NN7,45,1S1G,42
368,unbound,Dalfampridine,DB06637,Q96PR1,3KVT,71,1S1G,48,2NZ0,48
369,unbound,Dalfampridine,DB06637,Q14003,3KVT,63,1S1G,44,2NZ0,44
370,unbound,Dalfampridine,DB06637,Q9NSA2,1S1G,71,1NN7,70,2NZ0,66
371,unbound,Dapsone,DB00250,P0C0X1,1EYE,73,2DQW,43,2DZA,43
372,unbound,Dapsone,DB00250,P0C0X2,2VP8,73,2DQW,32,1EYE,32
373,unbound,Daunorubicin,DB00694,P11388,4FM9,96,5GWK,96,1ZXM,95
374,unbound,Daunorubicin,DB00694,Q02880,3QX3,96,4J3N,96,4G0V,96
375,unbound,Dextromethorphan,DB00514,Q99720,5HK1,90,5HK2,90,,0
376,unbound,Dextromethorphan,DB00514,Q8TCU5,2RC8,97,2RC7,97,4KCD,97
377,unbound,Dextropropoxyphene,DB00647,P41143,4EJ4,92,4N6H,90,4RWD,90
378,unbound,Dextropropoxyphene,DB00647,P41145,4DJH,91,6B73,90,5C1M,68
379,unbound,Dextropropoxyphene,DB00647,P35372,5C1M,94,4DKL,88,4N6H,67
380,unbound,Dezocine,DB01209,P41145,4DJH,91,6B73,90,5C1M,68
381,unbound,Dezocine,DB01209,P35372,5C1M,94,4DKL,88,4N6H,67
382,unbound,Diazepam,DB00829,P47869,5O8F,88,5OJM,88,5OSA,82
383,unbound,Diazepam,DB00829,P14867,5OSA,97,5OSC,97,5OSB,97
384,unbound,Diazepam,DB00829,P18505,4COF,85,5O8F,73,5OJM,72
385,unbound,Diazepam,DB00829,P28472,4COF,94,5O8F,81,5OJM,80
386,unbound,Diazepam,DB00829,P47870,4COF,87,5O8F,75,5OJM,75
387,unbound,Diazepam,DB00829,P14867,5OSA,97,5OSC,97,5OSB,97
388,unbound,Diazepam,DB00829,P47869,5O8F,88,5OJM,88,5OSA,82
389,unbound,Diazepam,DB00829,P18505,4COF,85,5O8F,73,5OJM,72
390,unbound,Diazepam,DB00829,P47870,4COF,87,5O8F,75,5OJM,75
391,unbound,Diazepam,DB00829,P28472,4COF,94,5O8F,81,5OJM,80
392,unbound,Diclofenac,DB00586,P23219,1Q4G,90,3N8Y,90,1HT8,90
393,unbound,Diclofenac,DB00586,P09917,3V98,96,3V99,96,3O8Y,96
394,unbound,Diclofenac,DB00586,P35354,5F19,97,5IKR,97,5F1A,97
395,unbound,Diclofenac,DB00586,P78348,2QTS,90,4NTW,90,4NTX,90
396,unbound,Diclofenac,DB00586,O43526,4GOW,72,5J03,66,5VMS,52
397,unbound,Diclofenac,DB00586,P35499,1BYY,91,5DBR,84,4OVN,78
398,unbound,Diclofenac,DB00586,O43525,5J03,98,4GOW,68,4H33,41
399,unbound,Dicloxacillin,DB00485,P0A3M6,2WAF,98,2WAD,90,2WAE,90
400,unbound,Dicloxacillin,DB00485,Q8DR59,2C5W,98,2C6W,97,2ZC6,97
401,unbound,Dicloxacillin,DB00485,Q7CRA4,2Y2M,95,2Y2I,95,2Y2O,95
402,unbound,Dicloxacillin,DB00485,Q75Y35,1XP4,99,1TVF,32,3HUM,32
403,unbound,Dihomo-gamma-linolenic acid,DB00154,P23219,1Q4G,90,3N8Y,90,1HT8,90
404,unbound,Dihomo-gamma-linolenic acid,DB00154,P35354,5F19,97,5IKR,97,5F1A,97
405,unbound,Dimetindene,DB08801,P35367,3RZE,67,5WIU,41,5UEN,37
406,unbound,Dimetindene,DB08801,P08172,4MQS,99,4MQT,99,3UON,63
407,unbound,Diphenidol,DB01231,P20309,4U15,98,4U16,98,5DSG,68
408,unbound,Diphenidol,DB01231,P11229,5CXV,99,4U15,74,4DAJ,74
409,unbound,Diphenidol,DB01231,P08172,4MQS,99,4MQT,99,3UON,63
410,unbound,Dipivefrin,DB00449,P07550,2R4R,97,3SN6,96,3KJ6,96
411,unbound,Dipivefrin,DB00449,P06276,5LKR,98,4TPK,98,3O9M,98
412,unbound,Diprenorphine,DB01548,P41143,4EJ4,92,4N6H,90,4RWD,90
413,unbound,Diprenorphine,DB01548,P35372,5C1M,94,4DKL,88,4N6H,67
414,unbound,Docetaxel,DB01248,Q9H4B7,5H7O,78,4I4T,78,5EYP,78
415,unbound,Docetaxel,DB01248,P11137,2MZ7,67,5O3L,67,5O3O,67
416,unbound,Docetaxel,DB01248,P27816,2MZ7,74,5O3L,61,5O3O,61
417,unbound,Dofetilide,DB00204,O95069,4TWK,96,5VK5,90,5VKP,89
418,unbound,Dofetilide,DB00204,Q14500,3SPC,86,3JYC,86,3SPI,86
419,unbound,Dopamine,DB00988,P21917,5WIU,91,3PBL,46,4AMJ,45
420,unbound,Dopamine,DB00988,P35462,3PBL,91,4AMJ,44,2Y00,44
421,unbound,Doripenem,DB06211,P02919,3VMA,97,5HLD,97,5HLA,97
422,unbound,Doripenem,DB06211,Q51504,3PBT,98,3PBQ,98,3PBO,98
423,unbound,Doripenem,DB06211,P72355,1TVF,97,3HUN,94,3HUM,94
424,unbound,Doxepin,DB01142,P20309,4U15,98,4U16,98,5DSG,68
425,unbound,Doxepin,DB01142,P11229,5CXV,99,4U15,74,4DAJ,74
426,unbound,Doxepin,DB01142,P08912,4U15,84,4DAJ,84,4U14,84
427,unbound,Doxepin,DB01142,P08908,1HLL,75,4AMJ,42,2Y00,42
428,unbound,Doxepin,DB01142,P41595,4IB4,77,4NC3,77,5TVN,77
429,unbound,Doxepin,DB01142,P08173,4MQS,70,4MQT,70,4U15,68
430,unbound,Doxepin,DB01142,P35367,3RZE,67,5WIU,41,5UEN,37
431,unbound,Doxepin,DB01142,P08172,4MQS,99,4MQT,99,3UON,63
432,unbound,Doxepin,DB01142,P31645,5I6X,99,5I71,99,5I73,99
433,unbound,Droxidopa,DB06262,P08588,2RH1,68,5D5A,68,5X7D,68
434,unbound,Droxidopa,DB06262,P18825,1HLL,94,1HO9,91,3PBL,42
435,unbound,Droxidopa,DB06262,P18089,1HLL,81,1HO9,78,5WIU,42
436,unbound,Droxidopa,DB06262,P07550,2R4R,97,3SN6,96,3KJ6,96
437,unbound,Dyphylline,DB00651,P30542,5UEN,82,5N2S,81,5OLG,46
438,unbound,Dyphylline,DB00651,Q07343,4KP6,97,1F0J,97,5K6J,97
439,unbound,Dyphylline,DB00651,Q9NP56,1ZKL,69,3G3N,69,4PM0,67
440,unbound,Dyphylline,DB00651,P27815,2QYK,93,3I8V,93,3TVX,93
441,unbound,Ecabet,DB05265,P18314,4EP8,95,1EJX,95,4EPD,95
442,unbound,Ecabet,DB05265,Q8NFA2,2L73,97,1GD5,31,1KQ6,31
443,unbound,Eluxadoline,DB09272,P41143,4EJ4,92,4N6H,90,4RWD,90
444,unbound,Eluxadoline,DB09272,P41145,4DJH,91,6B73,90,5C1M,68
445,unbound,Eluxadoline,DB09272,P35372,5C1M,94,4DKL,88,4N6H,67
446,unbound,Enflurane,DB00228,P42261,3SAJ,97,5YBF,92,3UA8,92
447,unbound,Enflurane,DB00228,P48167,1T3E,98,5TIN,55,5VDH,55
448,unbound,Enoxacin,DB00467,P43700,2Y3P,71,3NUH,70,4TMA,70
449,unbound,Enoxacin,DB00467,P43702,5EIX,75,1ZVU,71,6BQ9,69
450,unbound,Enprofylline,DB00824,P29275,5VRA,63,4EIY,63,5K2C,63
451,unbound,Enprofylline,DB00824,Q07343,4KP6,97,1F0J,97,5K6J,97
452,unbound,Enprofylline,DB00824,P27815,2QYK,93,3I8V,93,3TVX,93
453,unbound,Ephedra,DB01363,P08588,2RH1,68,5D5A,68,5X7D,68
454,unbound,Ephedra,DB01363,P18825,1HLL,94,1HO9,91,3PBL,42
455,unbound,Ephedra,DB01363,P18089,1HLL,81,1HO9,78,5WIU,42
456,unbound,Ephedra,DB01363,P07550,2R4R,97,3SN6,96,3KJ6,96
457,unbound,Ephedra,DB01363,P31645,5I6X,99,5I71,99,5I73,99
458,unbound,Ephedra,DB01363,P27338,1S3E,98,1S3B,98,2XFP,98
459,unbound,Ephedra,DB01363,P21397,2BXR,94,2BXS,94,2Z5Y,93
460,unbound,Epinephrine,DB00668,P08588,2RH1,68,5D5A,68,5X7D,68
461,unbound,Epinephrine,DB00668,P18089,1HLL,81,1HO9,78,5WIU,42
462,unbound,Epinephrine,DB00668,P07550,2R4R,97,3SN6,96,3KJ6,96
463,unbound,Ertapenem,DB00303,P02919,3VMA,97,5HLD,97,5HLA,97
464,unbound,Ertapenem,DB00303,P08506,3ITA,97,3IT9,97,5J8X,63
465,unbound,Estazolam,DB01215,P47869,5O8F,88,5OJM,88,5OSA,82
466,unbound,Estazolam,DB01215,P14867,5OSA,97,5OSC,97,5OSB,97
467,unbound,Estazolam,DB01215,P18505,4COF,85,5O8F,73,5OJM,72
468,unbound,Estazolam,DB01215,P28472,4COF,94,5O8F,81,5OJM,80
469,unbound,Estazolam,DB01215,P47870,4COF,87,5O8F,75,5OJM,75
470,unbound,Estazolam,DB01215,P14867,5OSA,97,5OSC,97,5OSB,97
471,unbound,Estazolam,DB01215,P47869,5O8F,88,5OJM,88,5OSA,82
472,unbound,Estazolam,DB01215,P18505,4COF,85,5O8F,73,5OJM,72
473,unbound,Estazolam,DB01215,P47870,4COF,87,5O8F,75,5OJM,75
474,unbound,Estazolam,DB01215,P28472,4COF,94,5O8F,81,5OJM,80
475,unbound,Eszopiclone,DB00402,P30536,2MGY,73,4UC3,36,4UC1,33
476,unbound,Eszopiclone,DB00402,P14867,5OSA,97,5OSC,97,5OSB,97
477,unbound,Eszopiclone,DB00402,P14867,5OSA,97,5OSC,97,5OSB,97
478,unbound,Ethanol,DB00898,Q8TCU5,2RC8,97,2RC7,97,4KCD,97
479,unbound,Ethanol,DB00898,P23416,1MOT,96,5TIN,84,5VDH,84
480,unbound,Ethanol,DB00898,P14867,5OSA,97,5OSC,97,5OSB,97
481,unbound,Ethopropazine,DB00392,P11229,5CXV,99,4U15,74,4DAJ,74
482,unbound,Ethopropazine,DB00392,Q8TCU5,2RC8,97,2RC7,97,4KCD,97
483,unbound,Etomidate,DB00292,P18089,1HLL,81,1HO9,78,5WIU,42
484,unbound,Etomidate,DB00292,P14867,5OSA,97,5OSC,97,5OSB,97
485,unbound,Etomidate,DB00292,P14867,5OSA,97,5OSC,97,5OSB,97
486,unbound,Etorphine,DB01497,P41143,4EJ4,92,4N6H,90,4RWD,90
487,unbound,Etorphine,DB01497,P41145,4DJH,91,6B73,90,5C1M,68
488,unbound,Etorphine,DB01497,P35372,5C1M,94,4DKL,88,4N6H,67
489,unbound,Etretinate,DB00926,P28702,5HJP,95,5I4V,95,1H9U,95
490,unbound,Etretinate,DB00926,P13631,1DSZ,95,1HRA,94,1FCY,93
491,unbound,Felbamate,DB00949,Q8TCU5,2RC8,97,2RC7,97,4KCD,97
492,unbound,Felbamate,DB00949,Q13224,5FXH,97,5FXJ,97,5FXI,97
493,unbound,Felodipine,DB01023,P54289,5GJV,97,5GJW,97,3JBR,96
494,unbound,Felodipine,DB01023,Q13698,3G43,88,3OXQ,88,3JBR,88
495,unbound,Felodipine,DB01023,Q01668,2BE6,97,3OXQ,94,3G43,91
496,unbound,Fenfluramine,DB00574,P41595,4IB4,77,4NC3,77,5TVN,77
497,unbound,Fenfluramine,DB00574,P31645,5I6X,99,5I71,99,5I73,99
498,unbound,Fentanyl,DB00813,P41143,4EJ4,92,4N6H,90,4RWD,90
499,unbound,Fentanyl,DB00813,P35372,5C1M,94,4DKL,88,4N6H,67
500,unbound,Finafloxacin,DB09047,P43700,2Y3P,71,3NUH,70,4TMA,70
501,unbound,Finafloxacin,DB09047,P43702,5EIX,75,1ZVU,71,6BQ9,69
502,unbound,Finafloxacin,DB09047,P11388,4FM9,96,5GWK,96,1ZXM,95
503,unbound,Flavoxate,DB01148,P11229,5CXV,99,4U15,74,4DAJ,74
504,unbound,Flavoxate,DB01148,P08172,4MQS,99,4MQT,99,3UON,63
505,unbound,Fleroxacin,DB04576,P43700,2Y3P,71,3NUH,70,4TMA,70
506,unbound,Fleroxacin,DB04576,P43702,5EIX,75,1ZVU,71,6BQ9,69
507,unbound,Fleroxacin,DB04576,P11388,4FM9,96,5GWK,96,1ZXM,95
508,unbound,Flibanserin,DB04908,P08908,1HLL,75,4AMJ,42,2Y00,42
509,unbound,Flibanserin,DB04908,P21917,5WIU,91,3PBL,46,4AMJ,45
510,unbound,Fludiazepam,DB01567,P47869,5O8F,88,5OJM,88,5OSA,82
511,unbound,Fludiazepam,DB01567,P14867,5OSA,97,5OSC,97,5OSB,97
512,unbound,Fludiazepam,DB01567,P18505,4COF,85,5O8F,73,5OJM,72
513,unbound,Fludiazepam,DB01567,P28472,4COF,94,5O8F,81,5OJM,80
514,unbound,Fludiazepam,DB01567,P47870,4COF,87,5O8F,75,5OJM,75
515,unbound,Flumazenil,DB01205,P14867,5OSA,97,5OSC,97,5OSB,97
516,unbound,Flumazenil,DB01205,P14867,5OSA,97,5OSC,97,5OSB,97
517,unbound,Flunitrazepam,DB01544,P47869,5O8F,88,5OJM,88,5OSA,82
518,unbound,Flunitrazepam,DB01544,P48169,1VRY,62,2M6B,59,5O8F,52
519,unbound,Flunitrazepam,DB01544,P30536,2MGY,73,4UC3,36,4UC1,33
520,unbound,Flunitrazepam,DB01544,Q16445,1VRY,62,2M6B,58,5O8F,50
521,unbound,Flurazepam,DB00690,P47869,5O8F,88,5OJM,88,5OSA,82
522,unbound,Flurazepam,DB00690,P48169,1VRY,62,2M6B,59,5O8F,52
523,unbound,Flurazepam,DB00690,Q16445,1VRY,62,2M6B,58,5O8F,50
524,unbound,Flurazepam,DB00690,P14867,5OSA,97,5OSC,97,5OSB,97
525,unbound,Flurazepam,DB00690,P18505,4COF,85,5O8F,73,5OJM,72
526,unbound,Flurazepam,DB00690,P28472,4COF,94,5O8F,81,5OJM,80
527,unbound,Flurazepam,DB00690,P47870,4COF,87,5O8F,75,5OJM,75
528,unbound,Fospropofol,DB06716,P28472,4COF,94,5O8F,81,5OJM,80
529,unbound,Fospropofol,DB06716,P47870,4COF,87,5O8F,75,5OJM,75
530,unbound,Gallium nitrate,DB05260,P02818,4MZZ,97,1Q3M,92,1Q8H,91
531,unbound,Gallium nitrate,DB05260,P31350,3OLJ,96,2UW2,96,3VPN,95
532,unbound,Gallium nitrate,DB05260,P21281,5D80,81,5VOX,81,3J9T,81
533,unbound,Gatifloxacin,DB01044,P72524,4Z2C,97,4Z2D,97,4Z2E,97
534,unbound,Gatifloxacin,DB01044,Q59961,3K9F,99,4KOE,99,4Z4Q,99
535,unbound,Gemifloxacin,DB01155,P43700,2Y3P,71,3NUH,70,4TMA,70
536,unbound,Gemifloxacin,DB01155,P43702,5EIX,75,1ZVU,71,6BQ9,69
537,unbound,Glimepiride,DB00222,Q09428,5WUA,88,6BAA,87,5TWV,87
538,unbound,Glimepiride,DB00222,Q14654,6BAA,94,5WUA,94,5TWV,94
539,unbound,Gliquidone,DB01251,Q09428,5WUA,88,6BAA,87,5TWV,87
540,unbound,Gliquidone,DB01251,Q15842,6BAA,70,5TWV,70,5WUA,69
541,unbound,Glutethimide,DB01437,P14867,5OSA,97,5OSC,97,5OSB,97
542,unbound,Glutethimide,DB01437,P14867,5OSA,97,5OSC,97,5OSB,97
543,unbound,Glyburide,DB01016,Q14654,6BAA,94,5WUA,94,5TWV,94
544,unbound,Glyburide,DB01016,Q14654,6BAA,94,5WUA,94,5TWV,94
545,unbound,Grepafloxacin,DB00365,P43700,2Y3P,71,3NUH,70,4TMA,70
546,unbound,Grepafloxacin,DB00365,P43702,5EIX,75,1ZVU,71,6BQ9,69
547,unbound,Griseofulvin,DB00400,P10875,4U3J,83,4FFB,83,5W3F,83
548,unbound,Griseofulvin,DB00400,P87066,4U3J,84,4FFB,84,5W3F,84
549,unbound,Halazepam,DB00801,P47869,5O8F,88,5OJM,88,5OSA,82
550,unbound,Halazepam,DB00801,P14867,5OSA,97,5OSC,97,5OSB,97
551,unbound,Halazepam,DB00801,P18505,4COF,85,5O8F,73,5OJM,72
552,unbound,Halazepam,DB00801,P28472,4COF,94,5O8F,81,5OJM,80
553,unbound,Halazepam,DB00801,P47870,4COF,87,5O8F,75,5OJM,75
554,unbound,Halazepam,DB00801,P14867,5OSA,97,5OSC,97,5OSB,97
555,unbound,Halazepam,DB00801,P47869,5O8F,88,5OJM,88,5OSA,82
556,unbound,Halazepam,DB00801,P18505,4COF,85,5O8F,73,5OJM,72
557,unbound,Halazepam,DB00801,P47870,4COF,87,5O8F,75,5OJM,75
558,unbound,Halazepam,DB00801,P28472,4COF,94,5O8F,81,5OJM,80
559,unbound,Heptabarbital,DB01354,P47869,5O8F,88,5OJM,88,5OSA,82
560,unbound,Heptabarbital,DB01354,P48169,1VRY,62,2M6B,59,5O8F,52
561,unbound,Heptabarbital,DB01354,Q16445,1VRY,62,2M6B,58,5O8F,50
562,unbound,Heptabarbital,DB01354,P14867,5OSA,97,5OSC,97,5OSB,97
563,unbound,Hetacillin,DB00739,P0A3M6,2WAF,98,2WAD,90,2WAE,90
564,unbound,Hetacillin,DB00739,Q8DR59,2C5W,98,2C6W,97,2ZC6,97
565,unbound,Hetacillin,DB00739,Q7CRA4,2Y2M,95,2Y2I,95,2Y2O,95
566,unbound,Hetacillin,DB00739,Q75Y35,1XP4,99,1TVF,32,3HUM,32
567,unbound,Hexachlorophene,DB00756,P06149,1F0X,97,,0,,0
568,unbound,Hexachlorophene,DB00756,O14521,1ZOY,70,3SFD,70,3AEF,70
569,unbound,Hexobarbital,DB01355,P47869,5O8F,88,5OJM,88,5OSA,82
570,unbound,Hexobarbital,DB01355,P48169,1VRY,62,2M6B,59,5O8F,52
571,unbound,Hexobarbital,DB01355,Q16445,1VRY,62,2M6B,58,5O8F,50
572,unbound,Hexobarbital,DB01355,P14867,5OSA,97,5OSC,97,5OSB,97
573,unbound,Homatropine Methylbromide,DB00725,P20309,4U15,98,4U16,98,5DSG,68
574,unbound,Homatropine Methylbromide,DB00725,P11229,5CXV,99,4U15,74,4DAJ,74
575,unbound,Homatropine Methylbromide,DB00725,P08912,4U15,84,4DAJ,84,4U14,84
576,unbound,Homatropine Methylbromide,DB00725,P08173,4MQS,70,4MQT,70,4U15,68
577,unbound,Homatropine Methylbromide,DB00725,P08172,4MQS,99,4MQT,99,3UON,63
578,unbound,Hydrocodone,DB00956,P41143,4EJ4,92,4N6H,90,4RWD,90
579,unbound,Hydrocodone,DB00956,P35372,5C1M,94,4DKL,88,4N6H,67
580,unbound,Hydromorphone,DB00327,P41143,4EJ4,92,4N6H,90,4RWD,90
581,unbound,Hydromorphone,DB00327,P41145,4DJH,91,6B73,90,5C1M,68
582,unbound,Hydromorphone,DB00327,P35372,5C1M,94,4DKL,88,4N6H,67
583,unbound,Hydroxocobalamin,DB00200,Q99707,2O2K,99,4CCZ,98,3K13,64
584,unbound,Hydroxocobalamin,DB00200,P22033,2XIJ,96,3BIC,96,2YXB,39
585,unbound,Hydroxychloroquine,DB01611,Q9NYK1,5GMH,90,5GMF,90,5GMG,90
586,unbound,Hydroxychloroquine,DB01611,Q9NR96,3WPC,80,3WPB,80,3WPD,80
587,unbound,Hyoscyamine,DB00424,P11229,5CXV,99,4U15,74,4DAJ,74
588,unbound,Hyoscyamine,DB00424,P08172,4MQS,99,4MQT,99,3UON,63
589,unbound,Ibudilast,DB05266,Q07343,4KP6,97,1F0J,97,5K6J,97
590,unbound,Ibudilast,DB05266,P27815,2QYK,93,3I8V,93,3TVX,93
591,unbound,Ibuprofen,DB01050,P23219,1Q4G,90,3N8Y,90,1HT8,90
592,unbound,Ibuprofen,DB01050,P35354,5F19,97,5IKR,97,5F1A,97
593,unbound,Icosapent,DB00159,P23219,1Q4G,90,3N8Y,90,1HT8,90
594,unbound,Icosapent,DB00159,P37231,3DZY,97,3DZU,97,5GTN,95
595,unbound,Icosapent,DB00159,P35354,5F19,97,5IKR,97,5F1A,97
596,unbound,Icosapent,DB00159,O14842,5TZR,97,4PHU,97,5TZY,97
597,unbound,Icosapent,DB00159,P32418,2QVK,98,2QVM,98,2FWS,91
598,unbound,Imipenem,DB01598,P00807,1ALQ,95,1DJA,91,1DJC,91
599,unbound,Imipenem,DB01598,P02919,3VMA,97,5HLD,97,5HLA,97
600,unbound,Immune Globulin Human,DB00028,P12318,3RY4,99,1FCG,99,3RY5,99
601,unbound,Immune Globulin Human,DB00028,Q92637,4ZNE,96,3RJD,96,4W4O,89
602,unbound,Indomethacin,DB00328,P35354,5F19,97,5IKR,97,5F1A,97
603,unbound,Indomethacin,DB00328,P14555,3U8D,88,1KVO,88,1KQU,88
604,unbound,Ipratropium bromide,DB00332,P20309,4U15,98,4U16,98,5DSG,68
605,unbound,Ipratropium bromide,DB00332,P11229,5CXV,99,4U15,74,4DAJ,74
606,unbound,Ipratropium bromide,DB00332,P08172,4MQS,99,4MQT,99,3UON,63
607,unbound,Irinotecan,DB00762,Q969P6,1A31,66,1RRJ,66,1A35,66
608,unbound,Irinotecan,DB00762,P11387,1A31,92,1RRJ,92,1A35,92
609,unbound,Isocarboxazid,DB01247,P27338,1S3E,98,1S3B,98,2XFP,98
610,unbound,Isocarboxazid,DB01247,P21397,2BXR,94,2BXS,94,2Z5Y,93
611,unbound,Isoflurane,DB00753,P42261,3SAJ,97,5YBF,92,3UA8,92
612,unbound,Isoflurane,DB00753,P14867,5OSA,97,5OSC,97,5OSB,97
613,unbound,Isoflurane,DB00753,P14867,5OSA,97,5OSC,97,5OSB,97
614,unbound,Isoprenaline,DB01064,P08588,2RH1,68,5D5A,68,5X7D,68
615,unbound,Isoprenaline,DB01064,P07550,2R4R,97,3SN6,96,3KJ6,96
616,unbound,Isradipine,DB00270,P54289,5GJV,97,5GJW,97,3JBR,96
617,unbound,Isradipine,DB00270,Q13698,3G43,88,3OXQ,88,3JBR,88
618,unbound,Isradipine,DB00270,Q01668,2BE6,97,3OXQ,94,3G43,91
619,unbound,Itraconazole,DB01167,P50859,5JLC,97,5HS1,83,5UL0,83
620,unbound,Itraconazole,DB01167,Q16850,4UHI,94,4UHL,94,3LD6,94
621,unbound,Ketazolam,DB01587,P30536,2MGY,73,4UC3,36,4UC1,33
622,unbound,Ketazolam,DB01587,P14867,5OSA,97,5OSC,97,5OSB,97
623,unbound,Ketazolam,DB01587,P18505,4COF,85,5O8F,73,5OJM,72
624,unbound,Ketobemidone,DB06738,P41143,4EJ4,92,4N6H,90,4RWD,90
625,unbound,Ketobemidone,DB06738,P41145,4DJH,91,6B73,90,5C1M,68
626,unbound,Ketobemidone,DB06738,P35372,5C1M,94,4DKL,88,4N6H,67
627,unbound,Labetalol,DB00598,P08588,2RH1,68,5D5A,68,5X7D,68
628,unbound,Labetalol,DB00598,P07550,2R4R,97,3SN6,96,3KJ6,96
629,unbound,Levobunolol,DB01210,P08588,2RH1,68,5D5A,68,5X7D,68
630,unbound,Levobunolol,DB01210,P07550,2R4R,97,3SN6,96,3KJ6,96
631,unbound,Levodopa,DB01235,P21917,5WIU,91,3PBL,46,4AMJ,45
632,unbound,Levodopa,DB01235,P35462,3PBL,91,4AMJ,44,2Y00,44
633,unbound,Levofloxacin,DB01137,P43700,2Y3P,71,3NUH,70,4TMA,70
634,unbound,Levofloxacin,DB01137,P43702,5EIX,75,1ZVU,71,6BQ9,69
635,unbound,Levofloxacin,DB01137,P11388,4FM9,96,5GWK,96,1ZXM,95
636,unbound,Levosimendan,DB00922,Q14654,6BAA,94,5WUA,94,5TWV,94
637,unbound,Levosimendan,DB00922,Q15842,6BAA,70,5TWV,70,5WUA,69
638,unbound,Lidocaine,DB00281,Q9Y5Y9,1BYY,94,5DBR,92,4DJC,86
639,unbound,Lidocaine,DB00281,Q15858,2KAV,95,1BYY,91,4JPZ,90
640,unbound,Lisuride,DB00589,P21917,5WIU,91,3PBL,46,4AMJ,45
641,unbound,Lisuride,DB00589,P35462,3PBL,91,4AMJ,44,2Y00,44
642,unbound,Lomefloxacin,DB00978,P43700,2Y3P,71,3NUH,70,4TMA,70
643,unbound,Lomefloxacin,DB00978,P43702,5EIX,75,1ZVU,71,6BQ9,69
644,unbound,Loperamide,DB00836,P41143,4EJ4,92,4N6H,90,4RWD,90
645,unbound,Loperamide,DB00836,P41145,4DJH,91,6B73,90,5C1M,68
646,unbound,Loperamide,DB00836,P35372,5C1M,94,4DKL,88,4N6H,67
647,unbound,Lornoxicam,DB06725,P23219,1Q4G,90,3N8Y,90,1HT8,90
648,unbound,Lornoxicam,DB06725,P35354,5F19,97,5IKR,97,5F1A,97
649,unbound,Lucanthone,DB04967,P11388,4FM9,96,5GWK,96,1ZXM,95
650,unbound,Lucanthone,DB04967,P11387,1A31,92,1RRJ,92,1A35,92
651,unbound,Lumiracoxib,DB01283,P23219,1Q4G,90,3N8Y,90,1HT8,90
652,unbound,Lumiracoxib,DB01283,P35354,5F19,97,5IKR,97,5F1A,97
653,unbound,Macitentan,DB08932,P24530,5X93,95,5GLI,95,5GLH,95
654,unbound,Macitentan,DB08932,P25101,5GLH,60,5X93,53,5GLI,53
655,unbound,Magnesium salicylate,DB01397,P23219,1Q4G,90,3N8Y,90,1HT8,90
656,unbound,Magnesium salicylate,DB01397,P35354,5F19,97,5IKR,97,5F1A,97
657,unbound,Marimastat,DB00786,P14780,1ITV,99,1L6J,96,4JIJ,91
658,unbound,Marimastat,DB00786,P24347,1HV5,94,1EAK,54,1AYK,52
659,unbound,Marimastat,DB00786,P51511,3MA2,71,5H0U,71,1BQQ,71
660,unbound,Marimastat,DB00786,O75900,2K72,84,1HV5,43,4XCT,41
661,unbound,Marimastat,DB00786,Q9Y5R2,1RM8,85,3MA2,72,5H0U,72
662,unbound,Marimastat,DB00786,Q9H306,2JNP,61,1HFS,61,1USN,61
663,unbound,Mebendazole,DB00643,Q71U36,5H7O,97,4I4T,97,5EYP,97
664,unbound,Mebendazole,DB00643,P68371,5H7O,94,4I4T,94,5EYP,94
665,unbound,Meclofenamic acid,DB00939,P23219,1Q4G,90,3N8Y,90,1HT8,90
666,unbound,Meclofenamic acid,DB00939,P09917,3V98,96,3V99,96,3O8Y,96
667,unbound,Meclofenamic acid,DB00939,P35354,5F19,97,5IKR,97,5F1A,97
668,unbound,Memantine,DB01043,Q13224,5FXH,97,5FXJ,97,5FXI,97
669,unbound,Memantine,DB01043,Q8TCU5,2RC8,97,2RC7,97,4KCD,97
670,unbound,Menthol,DB00825,Q7Z2W7,6BPQ,81,6BQR,32,6BCO,32
671,unbound,Menthol,DB00825,Q8NET8,4N5Q,86,5IRX,47,3J5P,47
672,unbound,Mepenzolate,DB04843,P20309,4U15,98,4U16,98,5DSG,68
673,unbound,Mepenzolate,DB04843,P11229,5CXV,99,4U15,74,4DAJ,74
674,unbound,Meprobamate,DB00371,P47869,5O8F,88,5OJM,88,5OSA,82
675,unbound,Meprobamate,DB00371,P48169,1VRY,62,2M6B,59,5O8F,52
676,unbound,Meprobamate,DB00371,Q16445,1VRY,62,2M6B,58,5O8F,50
677,unbound,Meprobamate,DB00371,P14867,5OSA,97,5OSC,97,5OSB,97
678,unbound,Meprobamate,DB00371,P14867,5OSA,97,5OSC,97,5OSB,97
679,unbound,Meprobamate,DB00371,P47869,5O8F,88,5OJM,88,5OSA,82
680,unbound,Meprobamate,DB00371,P48169,1VRY,62,2M6B,59,5O8F,52
681,unbound,Meprobamate,DB00371,Q16445,1VRY,62,2M6B,58,5O8F,50
682,unbound,Mesalazine,DB00244,P23219,1Q4G,90,3N8Y,90,1HT8,90
683,unbound,Mesalazine,DB00244,P37231,3DZY,97,3DZU,97,5GTN,95
684,unbound,Mesalazine,DB00244,P09917,3V98,96,3V99,96,3O8Y,96
685,unbound,Mesalazine,DB00244,P35354,5F19,97,5IKR,97,5F1A,97
686,unbound,Methadone,DB00333,Q9GZZ6,4UXU,67,4D01,67,4UY2,67
687,unbound,Methadone,DB00333,P41143,4EJ4,92,4N6H,90,4RWD,90
688,unbound,Methadone,DB00333,Q8TCU5,2RC8,97,2RC7,97,4KCD,97
689,unbound,Methadone,DB00333,P35372,5C1M,94,4DKL,88,4N6H,67
690,unbound,Methamphetamine,DB01577,P18825,1HLL,94,1HO9,91,3PBL,42
691,unbound,Methamphetamine,DB01577,P18089,1HLL,81,1HO9,78,5WIU,42
692,unbound,Methamphetamine,DB01577,P31645,5I6X,99,5I71,99,5I73,99
693,unbound,Methamphetamine,DB01577,P27338,1S3E,98,1S3B,98,2XFP,98
694,unbound,Methamphetamine,DB01577,P21397,2BXR,94,2BXS,94,2Z5Y,93
695,unbound,Metharbital,DB00463,P47869,5O8F,88,5OJM,88,5OSA,82
696,unbound,Metharbital,DB00463,P48169,1VRY,62,2M6B,59,5O8F,52
697,unbound,Metharbital,DB00463,Q16445,1VRY,62,2M6B,58,5O8F,50
698,unbound,Metharbital,DB00463,P14867,5OSA,97,5OSC,97,5OSB,97
699,unbound,Metharbital,DB00463,P14867,5OSA,97,5OSC,97,5OSB,97
700,unbound,Metharbital,DB00463,P47869,5O8F,88,5OJM,88,5OSA,82
701,unbound,Metharbital,DB00463,P48169,1VRY,62,2M6B,59,5O8F,52
702,unbound,Metharbital,DB00463,Q16445,1VRY,62,2M6B,58,5O8F,50
703,unbound,Methoxyflurane,DB01028,P42261,3SAJ,97,5YBF,92,3UA8,92
704,unbound,Methoxyflurane,DB01028,P14867,5OSA,97,5OSC,97,5OSB,97
705,unbound,Methoxyflurane,DB01028,P14867,5OSA,97,5OSC,97,5OSB,97
706,unbound,Methylphenobarbital,DB00849,P47869,5O8F,88,5OJM,88,5OSA,82
707,unbound,Methylphenobarbital,DB00849,P48169,1VRY,62,2M6B,59,5O8F,52
708,unbound,Methylphenobarbital,DB00849,Q16445,1VRY,62,2M6B,58,5O8F,50
709,unbound,Methylphenobarbital,DB00849,P14867,5OSA,97,5OSC,97,5OSB,97
710,unbound,Methylscopolamine bromide,DB00462,P11229,5CXV,99,4U15,74,4DAJ,74
711,unbound,Methylscopolamine bromide,DB00462,P08172,4MQS,99,4MQT,99,3UON,63
712,unbound,Methyprylon,DB01107,P14867,5OSA,97,5OSC,97,5OSB,97
713,unbound,Methyprylon,DB01107,P14867,5OSA,97,5OSC,97,5OSB,97
714,unbound,Methysergide,DB00247,P08908,1HLL,75,4AMJ,42,2Y00,42
715,unbound,Methysergide,DB00247,P41595,4IB4,77,4NC3,77,5TVN,77
716,unbound,Meticillin,DB01603,Q53707,1VQQ,95,1MWS,95,1MWR,95
717,unbound,Meticillin,DB01603,P0A3M6,2WAF,98,2WAD,90,2WAE,90
718,unbound,Meticillin,DB01603,Q8DR59,2C5W,98,2C6W,97,2ZC6,97
719,unbound,Meticillin,DB01603,Q7CRA4,2Y2M,95,2Y2I,95,2Y2O,95
720,unbound,Meticillin,DB01603,Q75Y35,1XP4,99,1TVF,32,3HUM,32
721,unbound,Metipranolol,DB01214,P08588,2RH1,68,5D5A,68,5X7D,68
722,unbound,Metipranolol,DB01214,P07550,2R4R,97,3SN6,96,3KJ6,96
723,unbound,Metixene,DB00340,P11229,5CXV,99,4U15,74,4DAJ,74
724,unbound,Metixene,DB00340,P08912,4U15,84,4DAJ,84,4U14,84
725,unbound,Metixene,DB00340,P08173,4MQS,70,4MQT,70,4U15,68
726,unbound,Mibefradil,DB01388,Q02641,5GJV,99,5GJW,99,1T0H,91
727,unbound,Mibefradil,DB01388,Q13698,3G43,88,3OXQ,88,3JBR,88
728,unbound,Mibefradil,DB01388,O60840,4DEY,85,3OXQ,68,3G43,66
729,unbound,Mibefradil,DB01388,P54284,1VYU,96,1VYT,96,1T0H,82
730,unbound,Mibefradil,DB01388,Q01668,2BE6,97,3OXQ,94,3G43,91
731,unbound,Midazolam,DB00683,P47869,5O8F,88,5OJM,88,5OSA,82
732,unbound,Midazolam,DB00683,P48169,1VRY,62,2M6B,59,5O8F,52
733,unbound,Midazolam,DB00683,Q16445,1VRY,62,2M6B,58,5O8F,50
734,unbound,Midazolam,DB00683,P14867,5OSA,97,5OSC,97,5OSB,97
735,unbound,Midazolam,DB00683,P18505,4COF,85,5O8F,73,5OJM,72
736,unbound,Midazolam,DB00683,P28472,4COF,94,5O8F,81,5OJM,80
737,unbound,Midazolam,DB00683,P47870,4COF,87,5O8F,75,5OJM,75
738,unbound,Miglitol,DB00491,O43451,3L4Y,99,2QMJ,99,2QLY,99
739,unbound,Miglitol,DB00491,P10253,5KZX,97,5NN4,97,5NN3,97
740,unbound,Miglitol,DB00491,Q14697,5IEG,91,5IEF,91,5IED,89
741,unbound,Minaprine,DB00805,P41595,4IB4,77,4NC3,77,5TVN,77
742,unbound,Minaprine,DB00805,P21397,2BXR,94,2BXS,94,2Z5Y,93
743,unbound,MMDA,DB01442,P31645,5I6X,99,5I71,99,5I73,99
744,unbound,MMDA,DB01442,P27338,1S3E,98,1S3B,98,2XFP,98
745,unbound,MMDA,DB01442,P21397,2BXR,94,2BXS,94,2Z5Y,93
746,unbound,Morphine,DB00295,P41143,4EJ4,92,4N6H,90,4RWD,90
747,unbound,Morphine,DB00295,P41145,4DJH,91,6B73,90,5C1M,68
748,unbound,Morphine,DB00295,P35372,5C1M,94,4DKL,88,4N6H,67
749,unbound,Moxifloxacin,DB00218,P43700,2Y3P,71,3NUH,70,4TMA,70
750,unbound,Moxifloxacin,DB00218,P43702,5EIX,75,1ZVU,71,6BQ9,69
751,unbound,Nafcillin,DB00607,Q8DR59,2C5W,98,2C6W,97,2ZC6,97
752,unbound,Nafcillin,DB00607,Q7CRA4,2Y2M,95,2Y2I,95,2Y2O,95
753,unbound,Nafcillin,DB00607,Q75Y35,1XP4,99,1TVF,32,3HUM,32
754,unbound,Nafcillin,DB00607,P0A3M6,2WAF,98,2WAD,90,2WAE,90
755,unbound,Nalbuphine,DB00844,P41143,4EJ4,92,4N6H,90,4RWD,90
756,unbound,Nalbuphine,DB00844,P41145,4DJH,91,6B73,90,5C1M,68
757,unbound,Nalbuphine,DB00844,P35372,5C1M,94,4DKL,88,4N6H,67
758,unbound,Naloxone,DB01183,P41143,4EJ4,92,4N6H,90,4RWD,90
759,unbound,Naloxone,DB01183,P41145,4DJH,91,6B73,90,5C1M,68
760,unbound,Naloxone,DB01183,P35372,5C1M,94,4DKL,88,4N6H,67
761,unbound,Naltrexone,DB00704,P41143,4EJ4,92,4N6H,90,4RWD,90
762,unbound,Naltrexone,DB00704,P41145,4DJH,91,6B73,90,5C1M,68
763,unbound,Naltrexone,DB00704,P35372,5C1M,94,4DKL,88,4N6H,67
764,unbound,Naproxen,DB00788,P23219,1Q4G,90,3N8Y,90,1HT8,90
765,unbound,Naproxen,DB00788,P35354,5F19,97,5IKR,97,5F1A,97
766,unbound,Naratriptan,DB00952,P08908,1HLL,75,4AMJ,42,2Y00,42
767,unbound,Naratriptan,DB00952,P28222,4IAR,73,4IAQ,73,1HLL,69
768,unbound,Nefazodone,DB01149,P08908,1HLL,75,4AMJ,42,2Y00,42
769,unbound,Nefazodone,DB01149,P31645,5I6X,99,5I71,99,5I73,99
770,unbound,Niacin,DB00627,Q15274,4KWW,89,4KWV,89,2JBM,88
771,unbound,Niacin,DB00627,P40261,2IIP,99,3ROD,99,5XVQ,97
772,unbound,Nicardipine,DB00622,P54289,5GJV,97,5GJW,97,3JBR,96
773,unbound,Nicardipine,DB00622,Q01668,2BE6,97,3OXQ,94,3G43,91
774,unbound,Nifedipine,DB01115,P54289,5GJV,97,5GJW,97,3JBR,96
775,unbound,Nifedipine,DB01115,Q13698,3G43,88,3OXQ,88,3JBR,88
776,unbound,Nifedipine,DB01115,Q01668,2BE6,97,3OXQ,94,3G43,91
777,unbound,Niflumic Acid,DB04552,P35354,5F19,97,5IKR,97,5F1A,97
778,unbound,Niflumic Acid,DB04552,P04054,3ELO,89,1PIR,71,1HN4,71
779,unbound,Nimodipine,DB00393,Q02641,5GJV,99,5GJW,99,1T0H,91
780,unbound,Nimodipine,DB00393,Q13698,3G43,88,3OXQ,88,3JBR,88
781,unbound,Nimodipine,DB00393,O60840,4DEY,85,3OXQ,68,3G43,66
782,unbound,Nimodipine,DB00393,P54284,1VYU,96,1VYT,96,1T0H,82
783,unbound,Nimodipine,DB00393,Q01668,2BE6,97,3OXQ,94,3G43,91
784,unbound,Nisoldipine,DB00401,P54289,5GJV,97,5GJW,97,3JBR,96
785,unbound,Nisoldipine,DB00401,Q13698,3G43,88,3OXQ,88,3JBR,88
786,unbound,Nisoldipine,DB00401,Q01668,2BE6,97,3OXQ,94,3G43,91
787,unbound,Nitrazepam,DB01595,P47869,5O8F,88,5OJM,88,5OSA,82
788,unbound,Nitrazepam,DB01595,P48169,1VRY,62,2M6B,59,5O8F,52
789,unbound,Nitrazepam,DB01595,Q16445,1VRY,62,2M6B,58,5O8F,50
790,unbound,Nitrazepam,DB01595,P14867,5OSA,97,5OSC,97,5OSB,97
791,unbound,Nitrazepam,DB01595,P18505,4COF,85,5O8F,73,5OJM,72
792,unbound,Nitrazepam,DB01595,P28472,4COF,94,5O8F,81,5OJM,80
793,unbound,Nitrazepam,DB01595,P47870,4COF,87,5O8F,75,5OJM,75
794,unbound,Nitrendipine,DB01054,Q06432,5GJV,70,5GJW,70,3JBR,70
795,unbound,Nitrendipine,DB01054,P54289,5GJV,97,5GJW,97,3JBR,96
796,unbound,Nitrendipine,DB01054,Q13698,3G43,88,3OXQ,88,3JBR,88
797,unbound,Nitrendipine,DB01054,Q01668,2BE6,97,3OXQ,94,3G43,91
798,unbound,Nitrofural,DB00336,P06715,1GER,97,1GET,97,1GES,96
799,unbound,Nitrofural,DB00336,P07003,3EYA,98,3EY9,98,,0
800,unbound,Norepinephrine,DB00368,P08588,2RH1,68,5D5A,68,5X7D,68
801,unbound,Norepinephrine,DB00368,P18825,1HLL,94,1HO9,91,3PBL,42
802,unbound,Norepinephrine,DB00368,P18089,1HLL,81,1HO9,78,5WIU,42
803,unbound,Norepinephrine,DB00368,P07550,2R4R,97,3SN6,96,3KJ6,96
804,unbound,Norfloxacin,DB01059,P43700,2Y3P,71,3NUH,70,4TMA,70
805,unbound,Norfloxacin,DB01059,P43702,5EIX,75,1ZVU,71,6BQ9,69
806,unbound,Ofloxacin,DB01165,P43700,2Y3P,71,3NUH,70,4TMA,70
807,unbound,Ofloxacin,DB01165,P43702,5EIX,75,1ZVU,71,6BQ9,69
808,unbound,Orphenadrine,DB01173,P35367,3RZE,67,5WIU,41,5UEN,37
809,unbound,Orphenadrine,DB01173,O60391,2RCA,97,2RCB,97,2RC8,79
810,unbound,Orphenadrine,DB01173,Q8TCU5,2RC8,97,2RC7,97,4KCD,97
811,unbound,Oseltamivir,DB00198,P11485,3B7E,89,3BEQ,89,3CYE,89
812,unbound,Oseltamivir,DB00198,P23141,5A7G,98,5A7F,98,2H7C,98
813,unbound,Oxacillin,DB00713,P0A3M6,2WAF,98,2WAD,90,2WAE,90
814,unbound,Oxacillin,DB00713,Q8DR59,2C5W,98,2C6W,97,2ZC6,97
815,unbound,Oxacillin,DB00713,Q7CRA4,2Y2M,95,2Y2I,95,2Y2O,95
816,unbound,Oxacillin,DB00713,Q75Y35,1XP4,99,1TVF,32,3HUM,32
817,unbound,Oxaprozin,DB00991,P23219,1Q4G,90,3N8Y,90,1HT8,90
818,unbound,Oxaprozin,DB00991,P35354,5F19,97,5IKR,97,5F1A,97
819,unbound,Oxazepam,DB00842,P47869,5O8F,88,5OJM,88,5OSA,82
820,unbound,Oxazepam,DB00842,P48169,1VRY,62,2M6B,59,5O8F,52
821,unbound,Oxazepam,DB00842,Q16445,1VRY,62,2M6B,58,5O8F,50
822,unbound,Oxazepam,DB00842,P14867,5OSA,97,5OSC,97,5OSB,97
823,unbound,Oxazepam,DB00842,P18505,4COF,85,5O8F,73,5OJM,72
824,unbound,Oxazepam,DB00842,P28472,4COF,94,5O8F,81,5OJM,80
825,unbound,Oxazepam,DB00842,P47870,4COF,87,5O8F,75,5OJM,75
826,unbound,Oxazepam,DB00842,P14867,5OSA,97,5OSC,97,5OSB,97
827,unbound,Oxazepam,DB00842,P47869,5O8F,88,5OJM,88,5OSA,82
828,unbound,Oxazepam,DB00842,P48169,1VRY,62,2M6B,59,5O8F,52
829,unbound,Oxazepam,DB00842,Q16445,1VRY,62,2M6B,58,5O8F,50
830,unbound,Oxazepam,DB00842,P18505,4COF,85,5O8F,73,5OJM,72
831,unbound,Oxazepam,DB00842,P47870,4COF,87,5O8F,75,5OJM,75
832,unbound,Oxazepam,DB00842,P28472,4COF,94,5O8F,81,5OJM,80
833,unbound,Oxtriphylline,DB01303,P30542,5UEN,82,5N2S,81,5OLG,46
834,unbound,Oxtriphylline,DB01303,Q14432,1SO2,66,1SOJ,66,3DYN,36
835,unbound,Oxtriphylline,DB01303,P27815,2QYK,93,3I8V,93,3TVX,93
836,unbound,Oxtriphylline,DB01303,Q92769,4LY1,96,5IWG,96,5IX0,96
837,unbound,Oxybutynin,DB01062,P20309,4U15,98,4U16,98,5DSG,68
838,unbound,Oxybutynin,DB01062,P11229,5CXV,99,4U15,74,4DAJ,74
839,unbound,Oxybutynin,DB01062,P08172,4MQS,99,4MQT,99,3UON,63
840,unbound,Oxycodone,DB00497,P41143,4EJ4,92,4N6H,90,4RWD,90
841,unbound,Oxycodone,DB00497,P41145,4DJH,91,6B73,90,5C1M,68
842,unbound,Oxycodone,DB00497,P35372,5C1M,94,4DKL,88,4N6H,67
843,unbound,Oxyphencyclimine,DB00383,P20309,4U15,98,4U16,98,5DSG,68
844,unbound,Oxyphencyclimine,DB00383,P11229,5CXV,99,4U15,74,4DAJ,74
845,unbound,Oxyphencyclimine,DB00383,P08172,4MQS,99,4MQT,99,3UON,63
846,unbound,Paclitaxel,DB01229,Q9H4B7,5H7O,78,4I4T,78,5EYP,78
847,unbound,Paclitaxel,DB01229,P11137,2MZ7,67,5O3L,67,5O3O,67
848,unbound,Paclitaxel,DB01229,P27816,2MZ7,74,5O3L,61,5O3O,61
849,unbound,Paliperidone,DB01267,P21917,5WIU,91,3PBL,46,4AMJ,45
850,unbound,Paliperidone,DB01267,P35462,3PBL,91,4AMJ,44,2Y00,44
851,unbound,Pazopanib,DB06589,P09619,3MJG,90,5GRN,82,5K5X,82
852,unbound,Pazopanib,DB06589,P16234,5GRN,90,5K5X,90,1T46,67
853,unbound,Pefloxacin,DB00487,P43700,2Y3P,71,3NUH,70,4TMA,70
854,unbound,Pefloxacin,DB00487,P43702,5EIX,75,1ZVU,71,6BQ9,69
855,unbound,Penbutolol,DB01359,P08588,2RH1,68,5D5A,68,5X7D,68
856,unbound,Penbutolol,DB01359,P08908,1HLL,75,4AMJ,42,2Y00,42
857,unbound,Penbutolol,DB01359,P07550,2R4R,97,3SN6,96,3KJ6,96
858,unbound,Penciclovir,DB00299,P04293,2GV9,89,1S5J,31,,0
859,unbound,Penciclovir,DB00299,P06478,1E2K,98,1E2H,98,1OF1,98
860,unbound,Pentazocine,DB00652,Q99720,5HK1,90,5HK2,90,,0
861,unbound,Pentazocine,DB00652,P41145,4DJH,91,6B73,90,5C1M,68
862,unbound,Pentazocine,DB00652,P35372,5C1M,94,4DKL,88,4N6H,67
863,unbound,Pentobarbital,DB00312,P47869,5O8F,88,5OJM,88,5OSA,82
864,unbound,Pentobarbital,DB00312,P48169,1VRY,62,2M6B,59,5O8F,52
865,unbound,Pentobarbital,DB00312,Q16445,1VRY,62,2M6B,58,5O8F,50
866,unbound,Pentobarbital,DB00312,P14867,5OSA,97,5OSC,97,5OSB,97
867,unbound,Pentobarbital,DB00312,P14867,5OSA,97,5OSC,97,5OSB,97
868,unbound,Pentobarbital,DB00312,P47869,5O8F,88,5OJM,88,5OSA,82
869,unbound,Pentobarbital,DB00312,P48169,1VRY,62,2M6B,59,5O8F,52
870,unbound,Pentobarbital,DB00312,Q16445,1VRY,62,2M6B,58,5O8F,50
871,unbound,Pentolinium,DB01090,Q9GZZ6,4UXU,67,4D01,67,4UY2,67
872,unbound,Pentolinium,DB01090,P30926,2K58,91,2KSR,85,2LM2,74
873,unbound,Pentolinium,DB01090,P32297,2K58,83,2LLY,74,5FJV,63
874,unbound,Pentoxifylline,DB00806,P30542,5UEN,82,5N2S,81,5OLG,46
875,unbound,Pentoxifylline,DB00806,Q07343,4KP6,97,1F0J,97,5K6J,97
876,unbound,Pentoxifylline,DB00806,P27815,2QYK,93,3I8V,93,3TVX,93
877,unbound,Phenelzine,DB00780,P27338,1S3E,98,1S3B,98,2XFP,98
878,unbound,Phenelzine,DB00780,P21397,2BXR,94,2BXS,94,2Z5Y,93
879,unbound,Phentermine,DB00191,P31645,5I6X,99,5I71,99,5I73,99
880,unbound,Phentermine,DB00191,P27338,1S3E,98,1S3B,98,2XFP,98
881,unbound,Phentermine,DB00191,P21397,2BXR,94,2BXS,94,2Z5Y,93
882,unbound,Phenylbutazone,DB00812,P23219,1Q4G,90,3N8Y,90,1HT8,90
883,unbound,Phenylbutazone,DB00812,P35354,5F19,97,5IKR,97,5F1A,97
884,unbound,Pilocarpine,DB01085,P20309,4U15,98,4U16,98,5DSG,68
885,unbound,Pilocarpine,DB01085,P11229,5CXV,99,4U15,74,4DAJ,74
886,unbound,Pilocarpine,DB01085,P08172,4MQS,99,4MQT,99,3UON,63
887,unbound,Piperacillin,DB00319,P0A3M6,2WAF,98,2WAD,90,2WAE,90
888,unbound,Piperacillin,DB00319,Q7CRA4,2Y2M,95,2Y2I,95,2Y2O,95
889,unbound,Piperacillin,DB00319,Q75Y35,1XP4,99,1TVF,32,3HUM,32
890,unbound,Podofilox,DB01179,P07437,5N5N,96,5H7O,93,4I4T,93
891,unbound,Podofilox,DB01179,P11388,4FM9,96,5GWK,96,1ZXM,95
892,unbound,Podofilox,DB01179,P68366,5H7O,95,4I4T,95,5EYP,95
893,unbound,Pramipexole,DB00413,P21917,5WIU,91,3PBL,46,4AMJ,45
894,unbound,Pramipexole,DB00413,P35462,3PBL,91,4AMJ,44,2Y00,44
895,unbound,Prazepam,DB01588,P47869,5O8F,88,5OJM,88,5OSA,82
896,unbound,Prazepam,DB01588,P14867,5OSA,97,5OSC,97,5OSB,97
897,unbound,Prazepam,DB01588,P18505,4COF,85,5O8F,73,5OJM,72
898,unbound,Prazepam,DB01588,P28472,4COF,94,5O8F,81,5OJM,80
899,unbound,Prazepam,DB01588,P47870,4COF,87,5O8F,75,5OJM,75
900,unbound,Prazepam,DB01588,P14867,5OSA,97,5OSC,97,5OSB,97
901,unbound,Prazepam,DB01588,P47869,5O8F,88,5OJM,88,5OSA,82
902,unbound,Prazepam,DB01588,P18505,4COF,85,5O8F,73,5OJM,72
903,unbound,Prazepam,DB01588,P47870,4COF,87,5O8F,75,5OJM,75
904,unbound,Prazepam,DB01588,P28472,4COF,94,5O8F,81,5OJM,80
905,unbound,Primidone,DB00794,P47869,5O8F,88,5OJM,88,5OSA,82
906,unbound,Primidone,DB00794,P48169,1VRY,62,2M6B,59,5O8F,52
907,unbound,Primidone,DB00794,Q16445,1VRY,62,2M6B,58,5O8F,50
908,unbound,Primidone,DB00794,P14867,5OSA,97,5OSC,97,5OSB,97
909,unbound,Primidone,DB00794,P14867,5OSA,97,5OSC,97,5OSB,97
910,unbound,Primidone,DB00794,P47869,5O8F,88,5OJM,88,5OSA,82
911,unbound,Primidone,DB00794,P48169,1VRY,62,2M6B,59,5O8F,52
912,unbound,Primidone,DB00794,Q16445,1VRY,62,2M6B,58,5O8F,50
913,unbound,Procaine,DB00721,Q9Y5Y9,1BYY,94,5DBR,92,4DJC,86
914,unbound,Procaine,DB00721,P46098,4PIR,86,2KSR,34,2BG9,33
915,unbound,Procaine,DB00721,Q8TCU5,2RC8,97,2RC7,97,4KCD,97
916,unbound,Procyclidine,DB00387,P20309,4U15,98,4U16,98,5DSG,68
917,unbound,Procyclidine,DB00387,P11229,5CXV,99,4U15,74,4DAJ,74
918,unbound,Procyclidine,DB00387,P08173,4MQS,70,4MQT,70,4U15,68
919,unbound,Procyclidine,DB00387,P08172,4MQS,99,4MQT,99,3UON,63
920,unbound,Propofol,DB00818,P28472,4COF,94,5O8F,81,5OJM,80
921,unbound,Propofol,DB00818,P47870,4COF,87,5O8F,75,5OJM,75
922,unbound,Propofol,DB00818,P47870,4COF,87,5O8F,75,5OJM,75
923,unbound,Propofol,DB00818,P28472,4COF,94,5O8F,81,5OJM,80
924,unbound,Propoxyphene napsylate,DB09396,P41143,4EJ4,92,4N6H,90,4RWD,90
925,unbound,Propoxyphene napsylate,DB09396,P41145,4DJH,91,6B73,90,5C1M,68
926,unbound,Propoxyphene napsylate,DB09396,P35372,5C1M,94,4DKL,88,4N6H,67
927,unbound,Quazepam,DB01589,P47869,5O8F,88,5OJM,88,5OSA,82
928,unbound,Quazepam,DB01589,P14867,5OSA,97,5OSC,97,5OSB,97
929,unbound,Quazepam,DB01589,P18505,4COF,85,5O8F,73,5OJM,72
930,unbound,Quazepam,DB01589,P28472,4COF,94,5O8F,81,5OJM,80
931,unbound,Quazepam,DB01589,P14867,5OSA,97,5OSC,97,5OSB,97
932,unbound,Quazepam,DB01589,P47869,5O8F,88,5OJM,88,5OSA,82
933,unbound,Quazepam,DB01589,P18505,4COF,85,5O8F,73,5OJM,72
934,unbound,Quazepam,DB01589,P28472,4COF,94,5O8F,81,5OJM,80
935,unbound,Quinidine barbiturate,DB01346,P47869,5O8F,88,5OJM,88,5OSA,82
936,unbound,Quinidine barbiturate,DB01346,P14867,5OSA,97,5OSC,97,5OSB,97
937,unbound,Regorafenib,DB08896,P09619,3MJG,90,5GRN,82,5K5X,82
938,unbound,Regorafenib,DB08896,P16234,5GRN,90,5K5X,90,1T46,67
939,unbound,Regorafenib,DB08896,P07949,2X2U,98,5FM3,97,5FM2,97
940,unbound,Regorafenib,DB08896,Q15759,3GP0,96,3GC8,94,3GC9,93
941,unbound,Regorafenib,DB08896,Q16832,2WUH,99,2Z4F,98,4BKJ,68
942,unbound,Regorafenib,DB08896,P42685,2DLY,86,2D8J,84,4CSV,61
943,unbound,Riboflavin,DB00140,Q969G6,1NB0,99,1P4M,99,1Q9S,99
944,unbound,Riboflavin,DB00140,P30043,1HDO,93,1HE2,93,1HE3,93
945,unbound,Romidepsin,DB06176,Q13547,5ICN,96,4LY1,90,5IWG,90
946,unbound,Romidepsin,DB06176,Q92769,4LY1,96,5IWG,96,5IX0,96
947,unbound,Rotigotine,DB05271,P21917,5WIU,91,3PBL,46,4AMJ,45
948,unbound,Rotigotine,DB05271,P35462,3PBL,91,4AMJ,44,2Y00,44
949,unbound,Salicylic acid,DB00936,P23219,1Q4G,90,3N8Y,90,1HT8,90
950,unbound,Salicylic acid,DB00936,P35354,5F19,97,5IKR,97,5F1A,97
951,unbound,Salsalate,DB01399,P23219,1Q4G,90,3N8Y,90,1HT8,90
952,unbound,Salsalate,DB01399,P35354,5F19,97,5IKR,97,5F1A,97
953,unbound,Sapropterin,DB00360,P29474,4D1P,94,4D1O,94,1M9M,94
954,unbound,Sapropterin,DB00360,P00439,5FII,99,1J8U,96,1J8T,96
955,unbound,Secobarbital,DB00418,P47869,5O8F,88,5OJM,88,5OSA,82
956,unbound,Secobarbital,DB00418,P48169,1VRY,62,2M6B,59,5O8F,52
957,unbound,Secobarbital,DB00418,Q16445,1VRY,62,2M6B,58,5O8F,50
958,unbound,Secobarbital,DB00418,P14867,5OSA,97,5OSC,97,5OSB,97
959,unbound,Sevoflurane,DB01236,P42261,3SAJ,97,5YBF,92,3UA8,92
960,unbound,Sevoflurane,DB01236,P14867,5OSA,97,5OSC,97,5OSB,97
961,unbound,Sevoflurane,DB01236,P14867,5OSA,97,5OSC,97,5OSB,97
962,unbound,Sorafenib,DB00398,P09619,3MJG,90,5GRN,82,5K5X,82
963,unbound,Sorafenib,DB00398,P07949,2X2U,98,5FM3,97,5FM2,97
964,unbound,Sotalol,DB00489,P08588,2RH1,68,5D5A,68,5X7D,68
965,unbound,Sotalol,DB00489,P07550,2R4R,97,3SN6,96,3KJ6,96
966,unbound,Sparfloxacin,DB01208,P43700,2Y3P,71,3NUH,70,4TMA,70
967,unbound,Sparfloxacin,DB01208,P43702,5EIX,75,1ZVU,71,6BQ9,69
968,unbound,Sparfloxacin,DB01208,P11388,4FM9,96,5GWK,96,1ZXM,95
969,unbound,Succinylcholine,DB00202,P11229,5CXV,99,4U15,74,4DAJ,74
970,unbound,Succinylcholine,DB00202,Q9GZZ6,4UXU,67,4D01,67,4UY2,67
971,unbound,Sulfasalazine,DB00795,P23219,1Q4G,90,3N8Y,90,1HT8,90
972,unbound,Sulfasalazine,DB00795,P37231,3DZY,97,3DZU,97,5GTN,95
973,unbound,Sulfasalazine,DB00795,P09917,3V98,96,3V99,96,3O8Y,96
974,unbound,Sulfasalazine,DB00795,P35354,5F19,97,5IKR,97,5F1A,97
975,unbound,Sumatriptan,DB00669,P08908,1HLL,75,4AMJ,42,2Y00,42
976,unbound,Sumatriptan,DB00669,P28222,4IAR,73,4IAQ,73,1HLL,69
977,unbound,Sunitinib,DB01268,P09619,3MJG,90,5GRN,82,5K5X,82
978,unbound,Sunitinib,DB01268,P16234,5GRN,90,5K5X,90,1T46,67
979,unbound,Suprofen,DB00870,P23219,1Q4G,90,3N8Y,90,1HT8,90
980,unbound,Suprofen,DB00870,P35354,5F19,97,5IKR,97,5F1A,97
981,unbound,Suvorexant,DB09034,O43613,4ZJ8,85,4ZJC,85,5WQC,69
982,unbound,Suvorexant,DB09034,O43614,5WQC,99,5WS3,99,4S0V,99
983,unbound,Talbutal,DB00306,P47869,5O8F,88,5OJM,88,5OSA,82
984,unbound,Talbutal,DB00306,P48169,1VRY,62,2M6B,59,5O8F,52
985,unbound,Talbutal,DB00306,Q16445,1VRY,62,2M6B,58,5O8F,50
986,unbound,Talbutal,DB00306,P14867,5OSA,97,5OSC,97,5OSB,97
987,unbound,Talbutal,DB00306,P14867,5OSA,97,5OSC,97,5OSB,97
988,unbound,Talbutal,DB00306,P47869,5O8F,88,5OJM,88,5OSA,82
989,unbound,Talbutal,DB00306,P48169,1VRY,62,2M6B,59,5O8F,52
990,unbound,Talbutal,DB00306,Q16445,1VRY,62,2M6B,58,5O8F,50
991,unbound,Tazarotene,DB00799,P28702,5HJP,95,5I4V,95,1H9U,95
992,unbound,Tazarotene,DB00799,P13631,1DSZ,95,1HRA,94,1FCY,93
993,unbound,Telmisartan,DB00966,P30556,4ZUD,87,4YAY,87,4DKL,36
994,unbound,Telmisartan,DB00966,P37231,3DZY,97,3DZU,97,5GTN,95
995,unbound,Temafloxacin,DB01405,P43700,2Y3P,71,3NUH,70,4TMA,70
996,unbound,Temafloxacin,DB01405,P43702,5EIX,75,1ZVU,71,6BQ9,69
997,unbound,Temazepam,DB00231,P47869,5O8F,88,5OJM,88,5OSA,82
998,unbound,Temazepam,DB00231,P48169,1VRY,62,2M6B,59,5O8F,52
999,unbound,Temazepam,DB00231,Q16445,1VRY,62,2M6B,58,5O8F,50
1000,unbound,Temazepam,DB00231,P14867,5OSA,97,5OSC,97,5OSB,97
1001,unbound,Temazepam,DB00231,P18505,4COF,85,5O8F,73,5OJM,72
1002,unbound,Temazepam,DB00231,P28472,4COF,94,5O8F,81,5OJM,80
1003,unbound,Temazepam,DB00231,P47870,4COF,87,5O8F,75,5OJM,75
1004,unbound,Temazepam,DB00231,P14867,5OSA,97,5OSC,97,5OSB,97
1005,unbound,Temazepam,DB00231,P47869,5O8F,88,5OJM,88,5OSA,82
1006,unbound,Temazepam,DB00231,P48169,1VRY,62,2M6B,59,5O8F,52
1007,unbound,Temazepam,DB00231,Q16445,1VRY,62,2M6B,58,5O8F,50
1008,unbound,Temazepam,DB00231,P18505,4COF,85,5O8F,73,5OJM,72
1009,unbound,Temazepam,DB00231,P47870,4COF,87,5O8F,75,5OJM,75
1010,unbound,Temazepam,DB00231,P28472,4COF,94,5O8F,81,5OJM,80
1011,unbound,Tenocyclidine,DB01520,Q13224,5FXH,97,5FXJ,97,5FXI,97
1012,unbound,Tenocyclidine,DB01520,Q14957,3OEN,80,3OEK,80,4JWY,80
1013,unbound,Tenocyclidine,DB01520,O60391,2RCA,97,2RCB,97,2RC8,79
1014,unbound,Tenocyclidine,DB01520,Q8TCU5,2RC8,97,2RC7,97,4KCD,97
1015,unbound,Theophylline,DB00277,P30542,5UEN,82,5N2S,81,5OLG,46
1016,unbound,Theophylline,DB00277,P29275,5VRA,63,4EIY,63,5K2C,63
1017,unbound,Theophylline,DB00277,Q14432,1SO2,66,1SOJ,66,3DYN,36
1018,unbound,Theophylline,DB00277,Q07343,4KP6,97,1F0J,97,5K6J,97
1019,unbound,Theophylline,DB00277,P27815,2QYK,93,3I8V,93,3TVX,93
1020,unbound,Theophylline,DB00277,Q92769,4LY1,96,5IWG,96,5IX0,96
1021,unbound,Thiamylal,DB01154,Q14654,6BAA,94,5WUA,94,5TWV,94
1022,unbound,Thiamylal,DB01154,P14867,5OSA,97,5OSC,97,5OSB,97
1023,unbound,Thiamylal,DB01154,Q15842,6BAA,70,5TWV,70,5WUA,69
1024,unbound,Thiopental,DB00599,P47869,5O8F,88,5OJM,88,5OSA,82
1025,unbound,Thiopental,DB00599,P48169,1VRY,62,2M6B,59,5O8F,52
1026,unbound,Thiopental,DB00599,Q16445,1VRY,62,2M6B,58,5O8F,50
1027,unbound,Thiopental,DB00599,P14867,5OSA,97,5OSC,97,5OSB,97
1028,unbound,Tiapride,DB13025,P35367,3RZE,67,5WIU,41,5UEN,37
1029,unbound,Tiapride,DB13025,P35462,3PBL,91,4AMJ,44,2Y00,44
1030,unbound,Tiapride,DB13025,P18825,1HLL,94,1HO9,91,3PBL,42
1031,unbound,Tiaprofenic acid,DB01600,P23219,1Q4G,90,3N8Y,90,1HT8,90
1032,unbound,Tiaprofenic acid,DB01600,P35354,5F19,97,5IKR,97,5F1A,97
1033,unbound,Timolol,DB00373,P08588,2RH1,68,5D5A,68,5X7D,68
1034,unbound,Timolol,DB00373,P07550,2R4R,97,3SN6,96,3KJ6,96
1035,unbound,Tizanidine,DB00697,P18825,1HLL,94,1HO9,91,3PBL,42
1036,unbound,Tizanidine,DB00697,P18089,1HLL,81,1HO9,78,5WIU,42
1037,unbound,Tofacitinib,DB08895,P52333,3PJC,98,5LWM,97,5LWN,97
1038,unbound,Tofacitinib,DB08895,P23458,4L00,99,4L01,98,6BBU,96
1039,unbound,Tolterodine,DB01036,P20309,4U15,98,4U16,98,5DSG,68
1040,unbound,Tolterodine,DB01036,P11229,5CXV,99,4U15,74,4DAJ,74
1041,unbound,Tolterodine,DB01036,P08912,4U15,84,4DAJ,84,4U14,84
1042,unbound,Tolterodine,DB01036,P08173,4MQS,70,4MQT,70,4U15,68
1043,unbound,Tolterodine,DB01036,P08172,4MQS,99,4MQT,99,3UON,63
1044,unbound,Topiramate,DB00273,P35498,1BYY,98,5DBR,85,2KAV,83
1045,unbound,Topiramate,DB00273,P39086,3FV1,98,2ZNT,98,3FUZ,98
1046,unbound,Topiramate,DB00273,P14867,5OSA,97,5OSC,97,5OSB,97
1047,unbound,Topiramate,DB00273,P14867,5OSA,97,5OSC,97,5OSB,97
1048,unbound,Tramadol,DB00193,P31645,5I6X,99,5I71,99,5I73,99
1049,unbound,Tramadol,DB00193,P35372,5C1M,94,4DKL,88,4N6H,67
1050,unbound,Trametinib,DB08911,Q02750,3VVH,97,3DV3,97,1S9J,97
1051,unbound,Trametinib,DB08911,P36507,1S9I,95,3ZLY,83,3ZLW,83
1052,unbound,Tranylcypromine,DB00752,P27338,1S3E,98,1S3B,98,2XFP,98
1053,unbound,Tranylcypromine,DB00752,P21397,2BXR,94,2BXS,94,2Z5Y,93
1054,unbound,Trazodone,DB00656,P08908,1HLL,75,4AMJ,42,2Y00,42
1055,unbound,Trazodone,DB00656,P31645,5I6X,99,5I71,99,5I73,99
1056,unbound,Tretinoin,DB00755,P28702,5HJP,95,5I4V,95,1H9U,95
1057,unbound,Tretinoin,DB00755,P13631,1DSZ,95,1HRA,94,1FCY,93
1058,unbound,Triazolam,DB00897,P47869,5O8F,88,5OJM,88,5OSA,82
1059,unbound,Triazolam,DB00897,P48169,1VRY,62,2M6B,59,5O8F,52
1060,unbound,Triazolam,DB00897,Q16445,1VRY,62,2M6B,58,5O8F,50
1061,unbound,Triazolam,DB00897,P14867,5OSA,97,5OSC,97,5OSB,97
1062,unbound,Triazolam,DB00897,P18505,4COF,85,5O8F,73,5OJM,72
1063,unbound,Triazolam,DB00897,P28472,4COF,94,5O8F,81,5OJM,80
1064,unbound,Triazolam,DB00897,P47870,4COF,87,5O8F,75,5OJM,75
1065,unbound,Triazolam,DB00897,P14867,5OSA,97,5OSC,97,5OSB,97
1066,unbound,Triazolam,DB00897,P47869,5O8F,88,5OJM,88,5OSA,82
1067,unbound,Triazolam,DB00897,P48169,1VRY,62,2M6B,59,5O8F,52
1068,unbound,Triazolam,DB00897,Q16445,1VRY,62,2M6B,58,5O8F,50
1069,unbound,Triazolam,DB00897,P18505,4COF,85,5O8F,73,5OJM,72
1070,unbound,Triazolam,DB00897,P47870,4COF,87,5O8F,75,5OJM,75
1071,unbound,Triazolam,DB00897,P28472,4COF,94,5O8F,81,5OJM,80
1072,unbound,Tridihexethyl,DB00505,P20309,4U15,98,4U16,98,5DSG,68
1073,unbound,Tridihexethyl,DB00505,P11229,5CXV,99,4U15,74,4DAJ,74
1074,unbound,Tridihexethyl,DB00505,P08172,4MQS,99,4MQT,99,3UON,63
1075,unbound,Triflupromazine,DB00508,P11229,5CXV,99,4U15,74,4DAJ,74
1076,unbound,Triflupromazine,DB00508,P41595,4IB4,77,4NC3,77,5TVN,77
1077,unbound,Triflupromazine,DB00508,P08172,4MQS,99,4MQT,99,3UON,63
1078,unbound,Trovafloxacin,DB00685,P43700,2Y3P,71,3NUH,70,4TMA,70
1079,unbound,Trovafloxacin,DB00685,P43702,5EIX,75,1ZVU,71,6BQ9,69
1080,unbound,Umeclidinium,DB09076,P20309,4U15,98,4U16,98,5DSG,68
1081,unbound,Umeclidinium,DB09076,P08172,4MQS,99,4MQT,99,3UON,63
1082,unbound,Urokinase,DB00013,Q03405,2FD6,96,3BT2,96,1YWH,96
1083,unbound,Urokinase,DB00013,P05120,1JRR,87,1BY7,87,2ARR,86
1084,unbound,Ustekinumab,DB05679,P29460,5MXA,97,4GRW,97,5MJ3,96
1085,unbound,Ustekinumab,DB05679,P29460,5MXA,97,4GRW,97,5MJ3,96
1086,unbound,Ustekinumab,DB05679,Q9NPF7,5MXA,84,4GRW,84,5MJ3,82
1087,unbound,Valaciclovir,DB00577,P04293,2GV9,89,1S5J,31,,0
1088,unbound,Valaciclovir,DB00577,Q9QNF7,1E2K,99,1E2H,99,1OF1,99
1089,unbound,Valproic Acid,DB00313,P80404,4Y0H,96,4Y0I,96,4ZSW,96
1090,unbound,Valproic Acid,DB00313,Q9UKV0,2VQM,74,2VQQ,74,2VQJ,74
1091,unbound,Verapamil,DB00661,Q02641,5GJV,99,5GJW,99,1T0H,91
1092,unbound,Verapamil,DB00661,Q13698,3G43,88,3OXQ,88,3JBR,88
1093,unbound,Verapamil,DB00661,O60840,4DEY,85,3OXQ,68,3G43,66
1094,unbound,Verapamil,DB00661,P54284,1VYU,96,1VYT,96,1T0H,82
1095,unbound,Verapamil,DB00661,Q01668,2BE6,97,3OXQ,94,3G43,91
1096,unbound,Vinblastine,DB00570,P07437,5N5N,96,5H7O,93,4I4T,93
1097,unbound,Vinblastine,DB00570,Q71U36,5H7O,97,4I4T,97,5EYP,97
1098,unbound,Vinblastine,DB00570,P23258,3CB2,96,1Z5V,96,1Z5W,96
1099,unbound,Vorinostat,DB02546,Q13547,5ICN,96,4LY1,90,5IWG,90
1100,unbound,Vorinostat,DB02546,Q92769,4LY1,96,5IWG,96,5IX0,96
1101,unbound,Vortioxetine,DB09068,P08908,1HLL,75,4AMJ,42,2Y00,42
1102,unbound,Vortioxetine,DB09068,P46098,4PIR,86,2KSR,34,2BG9,33
1103,unbound,Vortioxetine,DB09068,P31645,5I6X,99,5I71,99,5I73,99
1104,unbound,Vortioxetine,DB09068,P28222,4IAR,73,4IAQ,73,1HLL,69
1105,unbound,Yohimbine,DB01392,P18825,1HLL,94,1HO9,91,3PBL,42
1106,unbound,Yohimbine,DB01392,P18089,1HLL,81,1HO9,78,5WIU,42
1107,unbound,Zaleplon,DB00962,P30536,2MGY,73,4UC3,36,4UC1,33
1108,unbound,Zaleplon,DB00962,P14867,5OSA,97,5OSC,97,5OSB,97
1109,unbound,Zanamivir,DB00558,P06818,2AEP,94,2AEQ,94,2BAT,92
1110,unbound,Zanamivir,DB00558,P27907,1NSC,97,1NSD,97,1A4Q,97
1111,unbound,Zolmitriptan,DB00315,P08908,1HLL,75,4AMJ,42,2Y00,42
1112,unbound,Zolmitriptan,DB00315,P28222,4IAR,73,4IAQ,73,1HLL,69
1113,unbound,Zonisamide,DB00909,P35498,1BYY,98,5DBR,85,2KAV,83
1114,unbound,Zonisamide,DB00909,Q9UI33,1BYY,91,5DBR,90,4DJC,83
1115,unbound,Zonisamide,DB00909,Q15858,2KAV,95,1BYY,91,4JPZ,90
1116,unbound,Zonisamide,DB00909,P35499,1BYY,91,5DBR,84,4OVN,78
1117,unbound,Zonisamide,DB00909,O60939,5FEB,98,5FDY,97,5XAX,30
1118,unbound,Zopiclone,DB01198,P47869,5O8F,88,5OJM,88,5OSA,82
1119,unbound,Zopiclone,DB01198,P14867,5OSA,97,5OSC,97,5OSB,97
